﻿company_name,country,website,email,phone,address,description,description_vi,description_en,description_ko,brands_carried,source,source_url,scale,import_frequency,hs_codes,found_at
denis larusso cosmetics | same wangi distributor kosmetik d&l,indonesia,https://same-wangi.jstore.co,parfumsamewangi@gmail.com,+6285227833434 - 0857,,DISTRIBUTOR KOSMETIK DENISE LARUSSO. hub: 085227833434. email: parfumsamewangi@gmail.com. Artikel Sebelumnya. Artikel Terbaru. DENIS LARUSSO ...,NHÀ PHÂN PHỐI MỸ PHẨM DENISE LARUSSO. liên hệ: 085227833434. email: parfumsamewangi@gmail.com. Bài viết trước đó. Bài viết mới nhất. DENIS LARUSSO...,DENISE LARUSSO COSMETIC DISTRIBUTOR. contact: 085227833434. email: parfumsamewangi@gmail.com. Previous Article. Latest Articles. DENIS LARUSSO...,DENISE LARUSSO 화장품 유통업체. 연락처: 085227833434. 이메일: parfumsamewangi@gmail.com. 이전 기사. 최신 기사. 데니스 라루소...,,serp,https://same-wangi.jstore.co/blog/trend/denis-larusso-cosmetics-same-wangi-distributor-kosmetik-dl,,,,2026-04-18T00:55:51
Pendaftaran Kosmetik,indonesia,https://www.infojasa.co.id,layanan.infojasa@gmail.com,14001,,Importir Kosmetik. Nama Perusahaan : Alamat : Kota/Kabupaten : Kode ... Hubungi Kami. Start a Conversation. Hi! Click one of our member ...,Nhà nhập khẩu mỹ phẩm. Tên công ty : Địa chỉ : Thành phố/ Huyện : Mã số ... Liên hệ với chúng tôi. Bắt đầu một cuộc trò chuyện. CHÀO! Nhấp vào một trong các thành viên của chúng tôi...,Cosmetics Importer. Company Name : Address : City/Regency : Code ... Contact Us. Start a Conversation. Hi! Click one of our members...,화장품 수입업체. 회사명 : 주소 : 시/군 : 코드 ... 저희에게 연락주세요. 대화를 시작하세요. 안녕! 우리 회원 중 한 명을 클릭하세요.,,serp,https://www.infojasa.co.id/bpom/pendaftaran-kosmetik/,,,,2026-04-18T00:55:51
Cosmetics Store – Providing Good Quality Service,indonesia,https://awk.co.id,admin@awk.co.id,16916,,Tips Import Barang Dari Luar Negri ... distributor terkemuka yang menyediakan berbagai macam bahan baku kosmetik berkualitas tinggi kepada produsen kosmetik…,Mẹo Nhập Hàng Từ Nước Ngoài... nhà phân phối hàng đầu cung cấp các loại nguyên liệu mỹ phẩm chất lượng cao cho các nhà sản xuất mỹ phẩm...,Tips for Importing Goods from Abroad... a leading distributor that provides various kinds of high quality cosmetic raw materials to cosmetic manufacturers...,해외 수입요령...다양한 종류의 고품질 화장품 원료를 화장품 제조사에 공급하는 선두 유통업체...,,serp,https://awk.co.id/,,,,2026-04-18T00:55:52
Jasa Impor Skincare China,indonesia,https://hsh.co.id,info@hsh.co.id,0812-1672-3248 (,,"Untuk menjadi reseller, Anda bisa bergabung dengan distributor. Setelah ... Skincare dan kosmetik asal China dijual dengan harga yang sangat murah ...","Để trở thành đại lý, bạn có thể tham gia làm nhà phân phối. Sau... Các sản phẩm chăm sóc da và mỹ phẩm từ Trung Quốc được bán với giá rất rẻ...","To become a reseller, you can join a distributor. After... Skincare and cosmetics from China are sold at very cheap prices...","리셀러가 되려면 유통업체에 가입하세요. 이후... 중국산 스킨케어, 화장품이 엄청 싼 가격에 팔리는데...",,serp,https://hsh.co.id/jasa-impor-skincare-china-2/,,,,2026-04-18T00:55:52
Technical Responsible Person (PJT) for Medical Device ...,indonesia,https://insightof.id,marketing@insightof.co.id,62-897-6470-070,,... Import Documents for Cosmetics Products · Halal Certification · Food and ... If a distributor or branch distributor operates multiple warehouse locations ...,... Chứng từ Nhập khẩu Sản phẩm Mỹ phẩm · Chứng nhận Halal · Thực phẩm và ... Nếu nhà phân phối hoặc nhà phân phối chi nhánh vận hành nhiều địa điểm kho ...,... Import Documents for Cosmetics Products · Halal Certification · Food and ... If a distributor or branch distributor operates multiple warehouse locations ...,... 화장품 수입 서류 · 할랄 인증 · 식품 및 ... 대리점 또는 지점 대리점이 여러 창고 위치를 운영하는 경우 ...,,serp,https://insightof.id/pjtfor-medical-device-distributors/,,,,2026-04-18T00:55:52
SuperKos,thailand,https://superkos.co,hugh.lee@superkos.co,+82 70 7721 7961,,Contact us · English · Russian. Enquire a quotation. Call us +82 70 7721 7961 ... You are a B2B/B2C cosmetics distributor looking for an opportunity to add ...,Liên hệ với chúng tôi · Tiếng Anh · Tiếng Nga. Hỏi một báo giá. Hãy gọi cho chúng tôi +82 70 7721 7961 ... Bạn là nhà phân phối mỹ phẩm B2B/B2C đang tìm kiếm cơ hội bổ sung ...,Contact us · English · Russian. Enquire a quotation. Call us +82 70 7721 7961 ... You are a B2B/B2C cosmetics distributor looking for an opportunity to add ...,문의하기 · 영어 · 러시아어. 견적을 문의하세요. 전화 +82 70 7721 7961 ... 귀하는 추가 기회를 찾고 있는 B2B/B2C 화장품 유통업체입니다.,,serp,https://superkos.co/,,,,2026-04-18T00:55:52
Become a member,thailand,https://www.thaicosmetic.org,center@thaicosmetic.org,+66) (0)2246 7088,,"Clinic, ผลิตเวชสำอาง สำหรับคลีนิกของตัวเอง. Consultant, นักวิชาการอิสระ ที่ปรึกษางานพัฒนาสูตร. Distributor - Cosmetic, ผู้จัดจำหน่ายเครื่องสำอาง ทั้งปลีกและส่ง.","Clinic, sản xuất mỹ phẩm cho phòng khám riêng của mình. Chuyên gia tư vấn, tư vấn phát triển công thức học thuật độc lập. Nhà phân phối - Nhà phân phối mỹ phẩm, mỹ phẩm Cả bán lẻ và bán buôn.","Clinic, produces cosmetics for its own clinic. Consultant, independent academic Formula development consultant. Distributor - Cosmetic, cosmetics distributor Both retail and wholesale.","클리닉은 자신의 클리닉을 위한 화장품을 생산합니다. 컨설턴트, 독립 학술 포뮬러 개발 컨설턴트. 대리점 - 화장품, 화장품 대리점 소매 및 도매 모두 가능합니다.",,serp,https://www.thaicosmetic.org/index.php/become-a-member,,,,2026-04-18T00:55:52
"smc global (thailand) co.,ltd.",thailand,https://www.jobthai.com,support@jobthai.com,02-480-9999,,"เป็นธุรกิจประกอบกิจการซื้อ ขาย นำเข้า ส่งออก ทั้งเป็นผู้ผลิตและผู้จัดจำหน่ายเครื่องสำอาง. zero position th. ติดต่อ. SMC GLOBAL (THAILAND) CO.,LTD. 27/2 ซอยอ่อนนุช 21 แขวงอ่อนนุช.","Đây là hoạt động kinh doanh mua, bán, xuất nhập khẩu, đồng thời là nhà sản xuất và phân phối mỹ phẩm. vị trí số 0 th. Liên hệ. CÔNG TY TNHH SMC TOÀN CẦU (THÁI LAN) 27/2 Soi Ôn Hạt 21, Phường Ôn Nut.","It is a business of buying, selling, importing, exporting, as well as being a manufacturer and distributor of cosmetics. zero position th. Contact. SMC GLOBAL (THAILAND) CO.,LTD. 27/2 Soi On Nut 21, On Nut Subdistrict.","화장품을 구매, 판매, 수입, 수출하는 사업은 물론, 화장품 제조 및 유통업을 하는 사업입니다. 제로 위치 th. 연락하다. SMC GLOBAL (THAILAND) CO.,LTD. 27/2 소이 온 너트 21, 온 너트 소구역.",,serp,https://www.jobthai.com/th/company/381748,,,,2026-04-18T00:55:52
สินค้าของเรา | INNELIFE,thailand,https://www.innelife-thailand.com,contact.innelife@gmail.com,082 498 5598,,บริการลงทะเบียนผู้จัดจำหน่ายเครื่องสำอางกับคณะกรรมการอาหารและยา พร้อมยื่นจดแจ้ง อย. เครื่องสำอาง และขอใบ Certificate ที่จำเป็น. ดูเพิ่มเติม. design vector.png ...,Dịch vụ đăng ký nhà phân phối mỹ phẩm với Cục Quản lý Thực phẩm và Dược phẩm Sẵn sàng nộp hồ sơ đăng ký cho FDA về mỹ phẩm và yêu cầu các giấy chứng nhận cần thiết. Xem thêm. thiết kế vector.png ...,Cosmetic distributor registration service with the Food and Drug Administration Ready to submit registration to the FDA for cosmetics and request the necessary certificates. See more. design vector.png ...,식품의약국(FDA)에 화장품 유통업체 등록 서비스 화장품에 대해 FDA에 등록을 제출하고 필요한 인증서를 요청할 준비가 되어 있습니다. 자세히 알아보세요. 디자인 벡터.png ...,,serp,https://www.innelife-thailand.com/products,,,,2026-04-18T00:55:52
KISS OF BEAUTY เพิ่มความปลอดภัยในการจ้างพนักงานให้แก่ ...,thailand,https://www.appman.co.th,agentmate@appman.co.th,10110,,KISS of Beauty เป็นบริษัทผลิตและผู้จัดจำหน่ายเครื่องสำอาง ที่มีผลิตภัณฑ์ในเครือทั้งหมด 4 แบรนด์ ได้แก่แบรนด์ “Kiss my body” (คิส มาย บอดี้) ซึ่งเป็นสินค้า ...,"KISS of Beauty là công ty sản xuất và phân phối mỹ phẩm. Có tổng cộng 4 thương hiệu trong danh mục sản phẩm, trong đó có thương hiệu “Kiss my body” (Kiss My Body), là sản phẩm…","KISS of Beauty is a cosmetics manufacturing and distribution company. There are a total of 4 brands in the product portfolio, including the brand “Kiss my body” (Kiss My Body), which is a product ...","키스오브뷰티는 화장품 제조 및 유통회사입니다. 제품 포트폴리오에는 제품인 ""Kiss my body""(키스 마이 바디) 브랜드를 포함해 총 4개 브랜드가 있습니다.",,serp,https://www.appman.co.th/customer-story-kiss-of-beauty/,,,,2026-04-18T00:55:52
งาน Beautyworld Central Asia (อุซเบกิสถาน) ปี 2026 ณ เมืองทาชเคนต์,thailand,https://www.litonlaser.com,info@litonlaser.com,+86 137 2988 0023,,2. ผู้จัดจำหน่ายเครื่องสำอางและอุปกรณ์ระดับมืออาชีพ ... ติดต่อผ่าน WhatsApp: +86 137 2988 ... เครื่องสำอางประมาณ 80% นำเข้าจากต่างประเทศ ซึ่งสร้างโอกาสสำคัญให้กับแบรนด์ต่างประเทศ.,2. Nhà phân phối mỹ phẩm và thiết bị chuyên nghiệp ... Liên hệ qua WhatsApp: +86 137 2988 ... Khoảng 80% mỹ phẩm được nhập khẩu từ nước ngoài. Điều này tạo ra những cơ hội quan trọng cho các thương hiệu quốc tế.,2. Professional distributor of cosmetics and equipment ... Contact via WhatsApp: +86 137 2988 ... About 80% of cosmetics are imported from abroad. This creates important opportunities for international brands.,2. 화장품 및 장비 전문 유통업체 ... WhatsApp을 통한 연락처: +86 137 2988 ... 화장품의 약 80%가 해외에서 수입됩니다. 이는 국제 브랜드에 중요한 기회를 창출합니다.,,serp,https://www.litonlaser.com/th/2026-central-asia-beautyworld-tashkent/,,,,2026-04-18T00:55:52
J3 Beauty Applicators Sdn Bhd Information,thailand,https://rocketreach.co,support@rocketreach.co,(404),,"... Beauty Distributor, Cosmetic Distributor, Wholesale Beauty Supplies. Looking for a particular J3 Beauty Applicators Sdn Bhd employee's phone or email? Find Info ...","... Nhà phân phối mỹ phẩm, Nhà phân phối mỹ phẩm, Bán buôn đồ làm đẹp. Bạn đang tìm kiếm điện thoại hoặc email của một nhân viên J3 Beauty Applicators Sdn Bhd cụ thể? Tìm thông tin...","... Beauty Distributor, Cosmetic Distributor, Wholesale Beauty Supplies. Looking for a particular J3 Beauty Applicators Sdn Bhd employee's phone or email? Find Info ...","... 미용 유통업체, 화장품 유통업체, 미용 용품 도매. 특정 J3 Beauty Applicators Sdn Bhd 직원의 전화나 이메일을 찾고 계십니까? 정보 찾기 ...",,serp,https://rocketreach.co/j3-beauty-applicators-sdn-bhd-email-format_b78530aac250ac17,,,,2026-04-18T00:55:52
About Us,thailand,https://www.mci-international.co.th,mci.shop.online@gmail.com,0 1 2,,"We operate business as a distributor of a variety of personal care and cosmetic products. Our largest imports include beauty products such as cosmetics, ...","Chúng tôi hoạt động kinh doanh với tư cách là nhà phân phối nhiều loại sản phẩm chăm sóc cá nhân và mỹ phẩm. Nhập khẩu lớn nhất của chúng tôi bao gồm các sản phẩm làm đẹp như mỹ phẩm, ...","We operate business as a distributor of a variety of personal care and cosmetic products. Our largest imports include beauty products such as cosmetics, ...","다양한 퍼스널케어 및 화장품 유통업체로 사업을 운영하고 있습니다. 당사의 가장 큰 수입품은 화장품, 화장품 등 미용 제품입니다.",,serp,https://www.mci-international.co.th/en/about-us,,,,2026-04-18T00:55:52
Our Customers,thailand,https://www.diamondinterchem.co.th,support@diamondinterchem.com,+66) 2 906 4570,,"We are the leading chemical distributor ... We are leading chemicals import and distribution company, with a strong commitment to diversity and inclusion.","Chúng tôi là nhà phân phối hóa chất hàng đầu ... Chúng tôi là công ty nhập khẩu và phân phối hóa chất hàng đầu, với cam kết mạnh mẽ về sự đa dạng và hòa nhập.","We are the leading chemical distributor ... We are leading chemicals import and distribution company, with a strong commitment to diversity and inclusion.",우리는 선도적인 화학물질 유통업체입니다. 우리는 다양성과 포용성에 대한 강한 의지를 가지고 선도적인 화학물질 수입 및 유통 회사입니다.,,serp,https://www.diamondinterchem.co.th/about-us/customers/,,,,2026-04-18T00:55:52
Cosmetics | Category | Thailand YellowPages,thailand,https://www.yellowpages.co.th,sales@teleinfomedia.co.th,02-262-8888,,"distributor of titanium dioxide (tio2), a white pigment useful for various ... Cosmetics-Import · Cosmetics-Retail · Cosmetics-Wholesale & Manufacturers ...","nhà phân phối titan dioxide (tio2), một chất màu trắng hữu ích cho nhiều ... Mỹ phẩm-Nhập khẩu · Mỹ phẩm-Bán lẻ · Mỹ phẩm-Bán buôn & Nhà sản xuất ...","distributor of titanium dioxide (tio2), a white pigment useful for various ... Cosmetics-Import · Cosmetics-Retail · Cosmetics-Wholesale & Manufacturers ...",다양한 용도로 유용한 백색안료 ​​이산화티타늄(tio2) 유통업체 ... 화장품-수입 · 화장품-소매 · 화장품-도매 및 제조 ...,,serp,https://www.yellowpages.co.th/en/heading/Cosmetics,,,,2026-04-18T00:55:52
Accreditation,thailand,https://www.diamondinterchem.co.th,support@diamondinterchem.com,+66) 2 906 4570,,"Cosmetics; Supplements; Pharmaceuticals; Dialysis · Hematinics; Medical Food ... We are leading chemicals import and distribution company, with a strong ...","Mỹ phẩm; Bổ sung; Dược phẩm; Lọc máu · Huyết học; Thực phẩm Y tế ... Chúng tôi là công ty nhập khẩu và phân phối hóa chất hàng đầu, với thế mạnh ...","Cosmetics; Supplements; Pharmaceuticals; Dialysis · Hematinics; Medical Food ... We are leading chemicals import and distribution company, with a strong ...",화장품; 보충제; 제약; 투석 · 조혈; 의료 식품 ... 우리는 강력한 화학 물질 수입 및 유통 회사를 선도하고 있습니다.,,serp,https://www.diamondinterchem.co.th/about-us/accreditation/,,,,2026-04-18T00:55:52
KOTRA DiRecTORy of KOReAn cOsmeTic cOmpAnies,malaysia,https://kotrasiberia.ru,info@kotrasiberia.ru,+7 383-319-65-08,,... contact point. Heo Hyunmoo +82-10-7199-1107 hhm@claireskorea.com. cOmpAny ... cosmetics distributor in 1993 and took a leap forward as a manufacture and ...,... điểm liên lạc. Heo Hyunmoo +82-10-7199-1107 hhm@claireskorea.com. cOmpAny ... nhà phân phối mỹ phẩm vào năm 1993 và có một bước nhảy vọt với tư cách là nhà sản xuất và ...,... contact point. Heo Hyunmoo +82-10-7199-1107 hhm@claireskorea.com. cOmpAny ... cosmetics distributor in 1993 and took a leap forward as a manufacture and ...,... 접점. 허현무 010-7199-1107 hhm@claireskorea.com. 컴애니...화장품 유통업체는 1993년에 설립되어 제조 및 판매업체로 도약하였습니다.,,serp,https://kotrasiberia.ru/wp-content/uploads/2018/01/Directory-Of-Korean-Cosmetic-CompaniesENG.pdf,,,,2026-04-18T00:55:52
Wholesale,malaysia,https://www.officialkbeauty.com,support@officialkbeauty.com,,,BECOME OUR WHOLESALE PARTNER Partner with the Middle East's Premier Korean Beauty Distributor Who is it for ... Email: wholesale@officialkbeauty.com.,TRỞ THÀNH ĐỐI TÁC BÁN BUÔN CỦA CHÚNG TÔI Hợp tác với Nhà phân phối sản phẩm làm đẹp Hàn Quốc hàng đầu ở Trung Đông Ai dành cho ... Email: sỉ@officialkbeauty.com.,BECOME OUR WHOLESALE PARTNER Partner with the Middle East's Premier Korean Beauty Distributor Who is it for ... Email: wholesale@officialkbeauty.com.,도매 파트너가 되세요 중동 최고의 한국 뷰티 유통업체와 파트너가 되세요 누구를 위한 것인지... 이메일: Wholesale@officialkbeauty.com.,,serp,https://www.officialkbeauty.com/pages/wholesale?srsltid=AfmBOookRJDNmFae5Qukq14Pes9NW4k_e-oyG7nnCBe7kmBsKtwhxpa9,,,,2026-04-18T00:55:52
LAB BEAUTY GROUP | BEAUTY DISTRIBUTOR,malaysia,https://www.labbeautygroup.com,enquiries.labbeautygroup@gmail.com,800 18,,"Lab Beauty is a Malaysia-based consultancy and distributor that helps local and international beauty brands launch, grow, and succeed.","Lab Beauty là công ty tư vấn và phân phối có trụ sở tại Malaysia, chuyên giúp các thương hiệu làm đẹp trong nước và quốc tế ra mắt, phát triển và thành công.","Lab Beauty is a Malaysia-based consultancy and distributor that helps local and international beauty brands launch, grow, and succeed.","Lab Beauty는 현지 및 국제 뷰티 브랜드의 출시, 성장 및 성공을 돕는 말레이시아 기반의 컨설팅 및 유통업체입니다.",,serp,https://www.labbeautygroup.com/,,,,2026-04-18T00:55:52
J3 Beauty Applicators Sdn Bhd Information,malaysia,https://rocketreach.co,support@rocketreach.co,(404),,"... Beauty Distributor, Cosmetic Distributor, Wholesale Beauty Supplies. Looking for a particular J3 Beauty Applicators Sdn Bhd employee's phone or email? Find Info ...","... Nhà phân phối mỹ phẩm, Nhà phân phối mỹ phẩm, Bán buôn đồ làm đẹp. Bạn đang tìm kiếm điện thoại hoặc email của một nhân viên J3 Beauty Applicators Sdn Bhd cụ thể? Tìm thông tin...","... Beauty Distributor, Cosmetic Distributor, Wholesale Beauty Supplies. Looking for a particular J3 Beauty Applicators Sdn Bhd employee's phone or email? Find Info ...","... 미용 유통업체, 화장품 유통업체, 미용 용품 도매. 특정 J3 Beauty Applicators Sdn Bhd 직원의 전화나 이메일을 찾고 계십니까? 정보 찾기 ...",,serp,https://rocketreach.co/j3-beauty-applicators-sdn-bhd-email-format_b78530aac250ac17,,,,2026-04-18T00:55:52
OUZHI BEAUTY-Leading Perfume & Cosmetic Wholesaler,malaysia,https://www.ouzhibeauty.com,ouzhi@ouzhibeauty.com,22716,,"Our customers love the scents, and the products sell very well both online and in-store.” Elena Petrova-Beauty Distributor (Online & Offline Stores) ... Email : ...",Khách hàng của chúng tôi yêu thích mùi hương và sản phẩm bán rất chạy cả trực tuyến và tại cửa hàng.” Elena Petrova-Nhà phân phối sắc đẹp (Cửa hàng trực tuyến & ngoại tuyến) ... Email : ...,"Our customers love the scents, and the products sell very well both online and in-store.” Elena Petrova-Beauty Distributor (Online & Offline Stores) ... Email : ...",우리 고객들은 향기를 좋아하고 제품은 온라인과 매장 모두에서 매우 잘 팔립니다.” Elena Petrova-뷰티 유통업체(온라인 및 오프라인 매장) ... 이메일 : ...,,serp,https://www.ouzhibeauty.com/ar/,,,,2026-04-18T00:55:52
Professional,malaysia,https://newhairgoal.com,info@newhairgoal.com,10124,,"You have to have a company as a beauty distributor, wholesaler or a professional hair salon. If these requirements meet, we will activate your account ...","Bạn phải có công ty là nhà phân phối sản phẩm làm đẹp, nhà bán buôn hoặc tiệm làm tóc chuyên nghiệp. Nếu những yêu cầu này đáp ứng, chúng tôi sẽ kích hoạt tài khoản của bạn ...","You have to have a company as a beauty distributor, wholesaler or a professional hair salon. If these requirements meet, we will activate your account ...","뷰티 유통업체, 도매업체, 전문 미용실 등의 회사가 있어야 합니다. 이러한 요구 사항이 충족되면 귀하의 계정이 활성화됩니다...",,serp,https://newhairgoal.com/professional/,,,,2026-04-18T00:55:52
Emerging Markets In Americas Region – MPOC,malaysia,https://www.mpoc.org.my,webmaster@mpoc.org.my,603-7806 4097 603 -,,"In 2019, Mexico's import of palm oil constituted 41% of the total oils and fats imports. Guatemala and Costa Rica were the two major suppliers of palm oil ...","Năm 2019, nhập khẩu dầu cọ của Mexico chiếm 41% tổng lượng dầu và chất béo nhập khẩu. Guatemala và Costa Rica là hai nhà cung cấp dầu cọ chính ...","In 2019, Mexico's import of palm oil constituted 41% of the total oils and fats imports. Guatemala and Costa Rica were the two major suppliers of palm oil ...",2019년 멕시코의 팜유 수입은 전체 유지류 수입의 41%를 차지했습니다. 과테말라와 코스타리카는 팜유의 주요 공급국이었습니다.,,serp,https://www.mpoc.org.my/emerging-markets-in-americas-region/,,,,2026-04-18T00:55:52
About,malaysia,https://www.missuya.com.my,modestiecorp@gmail.com,+6-06-2888585,,In 1996 the Company was appointed the Sole Distributor of a well-known British Aromatherapy brand in Malaysia. ... * Direct import to Malaysia / Singapore ...,"Năm 1996, Công ty được bổ nhiệm làm Nhà phân phối độc quyền của thương hiệu Hương liệu nổi tiếng của Anh tại Malaysia. ... * Nhập khẩu trực tiếp Malaysia/ Singapore...",In 1996 the Company was appointed the Sole Distributor of a well-known British Aromatherapy brand in Malaysia. ... * Direct import to Malaysia / Singapore ...,1996년에 회사는 말레이시아에서 유명한 영국 아로마테라피 브랜드의 단독 대리점으로 지정되었습니다. ... * 말레이시아/싱가포르 직수입 ...,,serp,https://www.missuya.com.my/About-Us/,,,,2026-04-18T00:55:52
Pharmaceutical Importers in Malaysia,malaysia,https://octopus-distribution.com.my,info@octopus-distribution.com.my,47100,,Contact us today to speak with our regulatory and logistics specialists or to request a tailored import strategy for your products. Whatsapp Us! Contact Us ...,Hãy liên hệ với chúng tôi ngay hôm nay để nói chuyện với các chuyên gia quản lý và hậu cần của chúng tôi hoặc để yêu cầu một chiến lược nhập khẩu phù hợp cho sản phẩm của bạn. Whatsapp chúng tôi! Liên hệ với chúng tôi ...,Contact us today to speak with our regulatory and logistics specialists or to request a tailored import strategy for your products. Whatsapp Us! Contact Us ...,지금 당사에 연락하여 당사의 규제 및 물류 전문가와 상담하거나 귀하의 제품에 맞는 맞춤형 수입 전략을 요청하십시오. Whatsapp 우리! 문의 ...,,serp,https://octopus-distribution.com.my/solutions/pharmaceutical-importers-in-malaysia/,,,,2026-04-18T00:55:52
Achima Skincare Sdn Bhd,malaysia,https://halal.bizmatch.my,bryanlee@nexxen.com.my,016 - 337 5001,,Cosmetics ... Achima Skincare Sdn Bhd started off as a professional beauty skincare product distributor in year 2010 and is a privately owned company. ... import ...,Mỹ phẩm ... Achima Skincare Sdn Bhd khởi đầu là nhà phân phối sản phẩm chăm sóc sắc đẹp chuyên nghiệp vào năm 2010 và là một công ty tư nhân. ... nhập khẩu ...,Cosmetics ... Achima Skincare Sdn Bhd started off as a professional beauty skincare product distributor in year 2010 and is a privately owned company. ... import ...,화장품 ... Achima Skincare Sdn Bhd는 2010년에 전문 뷰티 스킨케어 제품 유통업체로 출발한 개인 소유 회사입니다. ... 수입 ...,,serp,https://halal.bizmatch.my/store/achima-skincare/,,,,2026-04-18T00:55:52
"License Application- Manufacturer, Wholesaler and Importer",malaysia,http://www.jascal.com.my,calvin.soon@gmail.com,,,"Contact Us · Home · Services · Regulatory ... As defined under the Control of Drugs and Cosmetics Regulations 1984, any company that want to manufacture, import ...","Liên hệ với chúng tôi · Trang chủ · Dịch vụ · Quy định ... Theo định nghĩa trong Quy định về Kiểm soát Thuốc và Mỹ phẩm năm 1984, bất kỳ công ty nào muốn sản xuất, nhập khẩu ...","Contact Us · Home · Services · Regulatory ... As defined under the Control of Drugs and Cosmetics Regulations 1984, any company that want to manufacture, import ...","연락처 · 홈 · 서비스 · 규제 ... 1984년 의약품 및 화장품 관리 규정에 따라 정의된 대로 제조, 수입을 원하는 모든 회사는 ...",,serp,http://www.jascal.com.my/license-application-manufacturer-distributor-and-importer/,,,,2026-04-18T00:55:52
SuperKos,philippines,https://superkos.co,hugh.lee@superkos.co,+82 70 7721 7961,,Contact us · English · Russian. Enquire a quotation. Call us +82 70 7721 7961 ... You are a B2B/B2C cosmetics distributor looking for an opportunity to add ...,Liên hệ với chúng tôi · Tiếng Anh · Tiếng Nga. Hỏi một báo giá. Hãy gọi cho chúng tôi +82 70 7721 7961 ... Bạn là nhà phân phối mỹ phẩm B2B/B2C đang tìm kiếm cơ hội bổ sung ...,Contact us · English · Russian. Enquire a quotation. Call us +82 70 7721 7961 ... You are a B2B/B2C cosmetics distributor looking for an opportunity to add ...,문의하기 · 영어 · 러시아어. 견적을 문의하세요. 전화 +82 70 7721 7961 ... 귀하는 추가 기회를 찾고 있는 B2B/B2C 화장품 유통업체입니다.,,serp,https://superkos.co/,,,,2026-04-18T00:55:52
Top Philippines Cosmetics Importers & Buyers Database,philippines,https://www.tradeimex.in,info@tradeimex.in,4 0 4,,Who are the largest cosmetics importers in Philippines? · AVON PRODUCTS MFG. INC. · I3 INC. · TOKIWA SUBIC CORP. · BEHN MEYER CHEMICALS (PHILIPPINES) · ASIA PRIMERA ...,Ai là nhà nhập khẩu mỹ phẩm lớn nhất ở Philippines? · SẢN PHẨM AVON MFG. INC. · I3 INC. · TOKIWA SUBIC CORP. · BEHN MEYER CHEMICALS (PHILIPPINES) · ASIA PRIMERA ...,Who are the largest cosmetics importers in Philippines? · AVON PRODUCTS MFG. INC. · I3 INC. · TOKIWA SUBIC CORP. · BEHN MEYER CHEMICALS (PHILIPPINES) · ASIA PRIMERA ...,필리핀에서 가장 큰 화장품 수입국은 누구입니까? · AVON 제품 제조. INC. · I3 INC. · TOKIWA SUBIC CORP. · BEHN MEYER CHEMICALS (필리핀) · ASIA PRIMERA ...,,serp,https://www.tradeimex.in/company/customs-data/philippines-cosmetics-importer,,,,2026-04-18T00:55:52
Descorp Inc. – View Import Activity Records,philippines,https://www.tradeimex.in,info@tradeimex.in,4 0 4,,Gain access to a comprehensive shipment trade database of Philippines cosmetics importers with our powerful market reports today. ... Contact us ... WHY CHOOSE US?,Có quyền truy cập vào cơ sở dữ liệu thương mại vận chuyển toàn diện của các nhà nhập khẩu mỹ phẩm Philippines với các báo cáo thị trường mạnh mẽ của chúng tôi ngay hôm nay. ... Liên hệ với chúng tôi ... TẠI SAO CHỌN CHÚNG TÔI?,Gain access to a comprehensive shipment trade database of Philippines cosmetics importers with our powerful market reports today. ... Contact us ... WHY CHOOSE US?,오늘 당사의 강력한 시장 보고서를 통해 필리핀 화장품 수입업체의 포괄적인 선적 무역 데이터베이스에 액세스하세요. ... 연락처 ... 왜 우리를 선택해야 합니까?,,serp,https://www.tradeimex.in/company/customs-data/philippines-cosmetics-importer/descorp-inc.,,,,2026-04-18T00:55:52
Unlock the Secrets to Importing Authentic J-Beauty & K- ...,philippines,https://importanything.ph,hello@importanything.ph,0917 638 4274,,Focus on building your beauty empire while we handle the logistics. 4. Secure the Necessary Import Permits. Importing cosmetics to the ...,Hãy tập trung vào việc xây dựng đế chế sắc đẹp của bạn trong khi chúng tôi xử lý công việc hậu cần. 4. Đảm bảo giấy phép nhập khẩu cần thiết. Nhập khẩu mỹ phẩm về...,Focus on building your beauty empire while we handle the logistics. 4. Secure the Necessary Import Permits. Importing cosmetics to the ...,우리가 물류를 처리하는 동안 뷰티 제국을 건설하는 데 집중하세요. 4. 필요한 수입 허가를 확보하십시오. 화장품 수입…,,serp,https://importanything.ph/how-to-source-authentic-j-beauty-and-k-beauty-products-to-import/,,,,2026-04-18T00:55:52
Innomedics Trading Corp.,philippines,https://innomedics.ph,innomedics.trading@gmail.com,(045) 499-8151,,"Innomedics Trading Corporation was founded in January 2024 as a licensed distributor of cosmetics, drugs, and medical devices. ... import to local distribution.","Công ty Cổ phần Thương mại Innomedics được thành lập vào tháng 1 năm 2024 với tư cách là nhà phân phối được cấp phép về mỹ phẩm, thuốc và thiết bị y tế. ... nhập khẩu để phân phối tại địa phương.","Innomedics Trading Corporation was founded in January 2024 as a licensed distributor of cosmetics, drugs, and medical devices. ... import to local distribution.","이노메딕스 ​​트레이딩 코퍼레이션(Innomedics Trading Corporation)은 화장품, 의약품, 의료기기의 정식 유통업체로 2024년 1월 설립되었습니다. ... 현지 배포판으로 가져옵니다.",,serp,https://innomedics.ph/,,,,2026-04-18T00:55:52
Ilyon Industrial Corporation: Chemical Distributor,philippines,https://www.ilyon.com.ph,info@ilyon.com.ph,+632 8983-2035,,"We provide important raw materials like industrial chemicals used by various industries in construction, paint, cosmetics ... import@ilyon.com.ph (for supplier ...","Chúng tôi cung cấp các nguyên liệu thô quan trọng như hóa chất công nghiệp được sử dụng trong các ngành công nghiệp khác nhau trong xây dựng, sơn, mỹ phẩm ... import@ilyon.com.ph (dành cho nhà cung cấp ...","We provide important raw materials like industrial chemicals used by various industries in construction, paint, cosmetics ... import@ilyon.com.ph (for supplier ...","건설, 페인트, 화장품 등 다양한 산업에서 사용되는 산업용 화학 물질과 같은 중요한 원자재를 제공합니다... import@ilyon.com.ph (공급업체...",,serp,https://www.ilyon.com.ph/,,,,2026-04-18T00:55:52
International Distribution Development Manager– Beauty / FMCG,philippines,https://www.onlinejobs.ph,support@onlinejobs.ph,10-15,,"... Import ... - Assist in preparing distributor proposals and onboarding documentation. ... - FMCG, beauty, cosmetics, personal care, or pharma experience","... Nhập khẩu ... - Hỗ trợ chuẩn bị các đề xuất của nhà phân phối và tài liệu giới thiệu. ... - Kinh nghiệm về hàng tiêu dùng nhanh, làm đẹp, mỹ phẩm, chăm sóc cá nhân hoặc dược phẩm","... Import ... - Assist in preparing distributor proposals and onboarding documentation. ... - FMCG, beauty, cosmetics, personal care, or pharma experience","... 가져오기 ... - 유통업체 제안서 및 온보딩 문서 준비를 지원합니다. ... - FMCG, 미용, 화장품, 개인 관리 또는 제약 경험",,serp,https://www.onlinejobs.ph/jobseekers/job/International-Distribution-Development-Manager-Beauty-FMCG-1547830,,,,2026-04-18T00:55:52
SuperKos,kazakhstan,https://superkos.co,hugh.lee@superkos.co,+82 70 7721 7961,,You are a B2B/B2C cosmetics distributor looking for an opportunity to add the K-Beauty products to your portfolio. Read our customers reviews. Ms. Shyryn ...,Bạn là nhà phân phối mỹ phẩm B2B/B2C đang tìm kiếm cơ hội bổ sung các sản phẩm K-Beauty vào danh mục đầu tư của mình. Đọc đánh giá của khách hàng của chúng tôi. Cô Shyryn...,You are a B2B/B2C cosmetics distributor looking for an opportunity to add the K-Beauty products to your portfolio. Read our customers reviews. Ms. Shyryn ...,귀하는 K-뷰티 제품을 귀하의 포트폴리오에 추가할 기회를 찾고 있는 B2B/B2C 화장품 유통업체입니다. 고객 리뷰를 읽어보세요. 샤린씨...,,serp,https://superkos.co/,,,,2026-04-18T00:55:53
SUPER HAIR TONIC,kazakhstan,https://eng.leemoonwon.com,leemoonwon.international@gmail.com,,,Responsible Cosmetics Distributor. LEEMOONWON Bio. Country of Manufacture. Korea. Functional Cosmetic Status. Functional cosmetic helping to alleviate hair loss ...,Nhà phân phối mỹ phẩm có trách nhiệm. Sinh học LEEMOONWON. Nước sản xuất. Hàn Quốc. Tình trạng thẩm mỹ chức năng. Mỹ phẩm chức năng giúp giảm rụng tóc ...,Responsible Cosmetics Distributor. LEEMOONWON Bio. Country of Manufacture. Korea. Functional Cosmetic Status. Functional cosmetic helping to alleviate hair loss ...,책임 있는 화장품 유통업체입니다. 이문원바이오. 제조 국가. 한국. 기능성 화장품 현황. 탈모 완화에 도움을 주는 기능성 화장품...,,serp,https://eng.leemoonwon.com/pages/super-hair-tonic,,,,2026-04-18T00:55:53
Personal care distribution CIS | Skincare distributor CIS,kazakhstan,https://nexusbrands.me,info@nexusbrands.me,+971 42 969 090,,"Nexus Brands Solutions. Nexus Brands' Seed-Lead-Grow model excels in these dynamics, offering end-to-end support as a cosmetics distributor CIS region leader.","Giải pháp thương hiệu Nexus. Mô hình Seed-Lead-Grow của Nexus Brands vượt trội trong những động lực này, cung cấp sự hỗ trợ toàn diện với tư cách là nhà phân phối mỹ phẩm dẫn đầu khu vực CIS.","Nexus Brands Solutions. Nexus Brands' Seed-Lead-Grow model excels in these dynamics, offering end-to-end support as a cosmetics distributor CIS region leader.",Nexus 브랜드 솔루션. Nexus Brands의 Seed-Lead-Grow 모델은 이러한 역동성에 탁월하여 화장품 유통업체 CIS 지역 리더로서 엔드투엔드 지원을 제공합니다.,,serp,https://nexusbrands.me/beyond-the-shelf-stock-management-ecommerce-personal-care-cis/,,,,2026-04-18T00:55:53
Лечебные и косметические грязи,kazakhstan,http://elitmud.kz,order@elitmud.kz,28-29-30,,"Мы — официальный дистрибьютор косметики и выстраиваем стабильные оптовые поставки для розницы, салонов красоты. Предлагаем понятные условия, регулярные отгрузки ...","Chúng tôi là nhà phân phối chính thức các mặt hàng mỹ phẩm và xây dựng nguồn cung sỉ ổn định cho các cửa hàng bán lẻ và thẩm mỹ viện. Chúng tôi đưa ra các điều kiện rõ ràng, vận chuyển thường xuyên...","We are the official distributor of cosmetics and build stable wholesale supplies for retail and beauty salons. We offer clear conditions, regular shipments...","우리는 화장품의 공식 유통업체로서 소매 및 미용실을 위한 안정적인 도매 공급을 구축하고 있습니다. 우리는 명확한 조건, 정기 배송을 제공합니다...",,serp,http://elitmud.kz/,,,,2026-04-18T00:55:53
Корейская косметика оптом,kazakhstan,https://superkos.co,hugh.lee@superkos.co,+82 70 7721 7961,,Вы являетесь дистрибьютором косметики B2B / B2C и ищете возможность расширить свой ассортимент и добавить новые бренды в свое портфолио. Отзывы наших ...,Bạn là nhà phân phối mỹ phẩm B2B/B2C và đang tìm kiếm cơ hội mở rộng phạm vi hoạt động cũng như thêm các thương hiệu mới vào danh mục đầu tư của mình. Đánh giá từ chúng tôi...,You are a B2B/B2C cosmetics distributor and are looking for an opportunity to expand your range and add new brands to your portfolio. Reviews from our...,귀하는 B2B/B2C 화장품 유통업체로서 범위를 확장하고 포트폴리오에 새로운 브랜드를 추가할 수 있는 기회를 찾고 있습니다. 우리의 리뷰...,,serp,https://superkos.co/ru/,,,,2026-04-18T00:55:53
Масло для волос LADOR в Алматы,kazakhstan,https://kazkotrade.kz,info@kazkotrade.kz,+7(727) 310-12-17,,"Мы, как официальный дистрибьютор косметики из Южной Кореи, обеспечиваем стабильные поставки оригинальной корейской продукции по доступным оптовым ценам!","Chúng tôi, với tư cách là nhà phân phối chính thức mỹ phẩm từ Hàn Quốc, cung cấp nguồn cung cấp ổn định các sản phẩm chính hãng của Hàn Quốc với giá bán buôn phải chăng!","We, as the official distributor of cosmetics from South Korea, provide a stable supply of original Korean products at affordable wholesale prices!",한국 화장품 공식 유통업체로서 한국 오리지널 제품을 저렴한 도매 가격으로 안정적으로 공급합니다!,,serp,https://kazkotrade.kz/product-category/maslo-dlya-volos/,,,,2026-04-18T00:55:53
АО Экспортфарм,kazakhstan,https://exportff.com,nfo@exportff.ru,+7 (495) 772-99-77,,"Казахстан ... Косметические средства и средства по уходу. Экспортфарм, товары для здоровья, дистрибьюторы России, дистрибьютор косметика, дистрибьютор товары для ...","Kazakhstan ... Mỹ phẩm và sản phẩm chăm sóc. Xuất khẩu nông sản, sản phẩm y tế, nhà phân phối Nga, nhà phân phối mỹ phẩm, nhà phân phối sản phẩm y tế...","Kazakhstan ... Cosmetics and care products. Exportfarm, health products, Russian distributors, cosmetics distributor, distributor of health products...","카자흐스탄 ... 화장품 및 관리 제품. 수출농장, 건강제품, 러시아 유통업체, 화장품 유통업체, 건강제품 유통업체...",,serp,https://exportff.com/,,,,2026-04-18T00:55:53
Wholesale,kazakhstan,https://www.officialkbeauty.com,support@officialkbeauty.com,,,BECOME OUR WHOLESALE PARTNER Partner with the Middle East's Premier Korean Beauty Distributor Who is it for ... Email: wholesale@officialkbeauty.com.,TRỞ THÀNH ĐỐI TÁC BÁN BUÔN CỦA CHÚNG TÔI Hợp tác với Nhà phân phối sản phẩm làm đẹp Hàn Quốc hàng đầu ở Trung Đông Ai dành cho ... Email: sỉ@officialkbeauty.com.,BECOME OUR WHOLESALE PARTNER Partner with the Middle East's Premier Korean Beauty Distributor Who is it for ... Email: wholesale@officialkbeauty.com.,도매 파트너가 되세요 중동 최고의 한국 뷰티 유통업체와 파트너가 되세요 누구를 위한 것인지... 이메일: Wholesale@officialkbeauty.com.,,serp,https://www.officialkbeauty.com/pages/wholesale?srsltid=AfmBOorC95IYmEtjesV2S8lKbo0LaMTNKlAZilsJBB6bIjMZ1TpNrmTH,,,,2026-04-18T00:55:53
cosmetic distributors,kazakhstan,https://onnatherapy.com,info@onnatherapy.com,200 -,,Are you a cosmetics and beauty distributor and are you interested in selling our products? You just have to call or contact us so we can ...,Bạn là nhà phân phối mỹ phẩm và làm đẹp và bạn quan tâm đến việc bán sản phẩm của chúng tôi? Bạn chỉ cần gọi điện hoặc liên hệ với chúng tôi để chúng tôi có thể...,Are you a cosmetics and beauty distributor and are you interested in selling our products? You just have to call or contact us so we can ...,귀하는 화장품 및 뷰티 유통업체이시며 당사 제품 판매에 관심이 있으십니까? 우리가 할 수 있도록 전화하거나 연락하기 만하면됩니다 ...,,serp,https://onnatherapy.com/en/blogs/news/distribuidores-de-cosmeticos?srsltid=AfmBOoq24v3XDh-zmrhSXnFw5YV6_obkkQI0Ar3z9cw6-i_By3GAqIA3,,,,2026-04-18T00:55:53
ТОО Beautyprof Information,kazakhstan,https://rocketreach.co,support@rocketreach.co,(404),,"... Beauty Distributor, Professional Cosmetics, Personal Care, Wholesale Beauty, Fragrance, Cosmetic Wholesale, Salon Supplies, Spa Products, Cosmetics ...","... Nhà Phân Phối Làm Đẹp, Mỹ Phẩm Chuyên Nghiệp, Chăm Sóc Cá Nhân, Bán Buôn Làm Đẹp, Nước Hoa, Bán Buôn Mỹ Phẩm, Đồ Dùng Salon, Sản Phẩm Spa, Mỹ Phẩm ...","... Beauty Distributor, Professional Cosmetics, Personal Care, Wholesale Beauty, Fragrance, Cosmetic Wholesale, Salon Supplies, Spa Products, Cosmetics ...","... 뷰티 유통업체, 전문 화장품, 개인 관리, 미용 도매, 향수, 화장품 도매, 미용실 용품, 스파 제품, 화장품 ...",,serp,https://rocketreach.co/too-beautyprof-profile_b4241c9bff0f9600,,,,2026-04-18T00:55:53
Professional,kazakhstan,https://newhairgoal.com,info@newhairgoal.com,10124,,"You have to have a company as a beauty distributor, wholesaler or a professional hair salon. If these requirements meet, we will activate your account ...","Bạn phải có công ty là nhà phân phối sản phẩm làm đẹp, nhà bán buôn hoặc tiệm làm tóc chuyên nghiệp. Nếu những yêu cầu này đáp ứng, chúng tôi sẽ kích hoạt tài khoản của bạn ...","You have to have a company as a beauty distributor, wholesaler or a professional hair salon. If these requirements meet, we will activate your account ...","뷰티 유통업체, 도매업체, 전문 미용실 등의 회사가 있어야 합니다. 이러한 요구 사항이 충족되면 귀하의 계정이 활성화됩니다...",,serp,https://newhairgoal.com/professional/,,,,2026-04-18T00:55:53
21 Beauty Supplies is a Canadian wholesale beauty ...,kazakhstan,https://www.21beautysupplies.com,21beautysupplies@hairinc.ca,2023 21,,"21 Beauty Supplies is a Canadian wholesale beauty distributor and beauty supply store serving salons, barbershops, and esthetics professionals and the ...","21 Beauty Supplies là nhà phân phối bán buôn sản phẩm làm đẹp và cửa hàng cung cấp sản phẩm làm đẹp của Canada phục vụ các thẩm mỹ viện, tiệm cắt tóc, các chuyên gia thẩm mỹ và ...","21 Beauty Supplies is a Canadian wholesale beauty distributor and beauty supply store serving salons, barbershops, and esthetics professionals and the ...","21 Beauty Supplies는 미용실, 이발소, 미용 전문가 및 미용 전문가에게 서비스를 제공하는 캐나다 도매 미용 유통업체이자 미용 용품점입니다.",,serp,https://www.21beautysupplies.com/,,,,2026-04-18T00:55:53
КАЗАХСТАНСКИЕ КОМПАНИИ,kazakhstan,https://cabeauty.kz,director@ns-expo.kz,28-29-30,,"Компания Koreanshop с 2005 г. занимается официальным импортом и дистрибьюцией широкого ассортимента косметики, средств по уходу и гигиене, а также бытовой химии ...","Từ năm 2005, Koreanshop chính thức nhập khẩu và phân phối nhiều loại mỹ phẩm, sản phẩm chăm sóc và vệ sinh cũng như hóa chất gia dụng...","Since 2005, Koreanshop has been officially importing and distributing a wide range of cosmetics, care and hygiene products, as well as household chemicals...","코리안샵은 2005년부터 다양한 화장품, 케어, 위생용품은 물론 생활용품까지 공식 수입, 유통해왔습니다.",,serp,https://cabeauty.kz/kazahstanskie-kompanii,,,,2026-04-18T00:55:53
Pharmsklad.kz,kazakhstan,https://pharmsklad.kz,general@pharmsklad.kz,+ 7 (727) 237-78-37,,"Дистрибьютор лекарственных препаратов, парафармацевтики и косметики в Казахстане. ... Осуществляем импорт на рынок Казахстана из разных стран мира. Опытная ...","Nhà phân phối thuốc, dược phẩm và mỹ phẩm tại Kazakhstan. ... Chúng tôi nhập khẩu vào thị trường Kazakhstan từ khắp nơi trên thế giới. Có kinh nghiệm...","Distributor of medicines, parapharmaceuticals and cosmetics in Kazakhstan. ... We import to the Kazakhstan market from around the world. Experienced...","카자흐스탄의 의약품, 의약외품, 화장품 유통업체입니다. ... 우리는 전 세계에서 카자흐스탄 시장으로 수입합니다. 경험이 풍부한...",,serp,https://pharmsklad.kz/,,,,2026-04-18T00:55:53
Skin Level,kazakhstan,http://skin-level.kz,zinia1976@gmail.com,+7 702 492 4982,,Skin Level — международная торговая компания и официальный дистрибьютор корейских бьюти и fashion-брендов. С 2019 года мы поставляем оригинальную косметику ...,"Skin Level là công ty thương mại quốc tế và là nhà phân phối chính thức của các thương hiệu thời trang và làm đẹp Hàn Quốc. Từ năm 2019, chúng tôi đã cung cấp mỹ phẩm chính hãng...",Skin Level is an international trading company and official distributor of Korean beauty and fashion brands. Since 2019 we have been supplying original cosmetics...,스킨레벨은 한국 뷰티 및 패션 브랜드의 국제 무역 회사이자 공식 유통업체입니다. 2019년부터 오리지널 화장품을 공급하고 있습니다.,,serp,http://skin-level.kz/,,,,2026-04-18T00:55:53
КОМПАНИИ СНГ,kazakhstan,https://cabeauty.kz,director@ns-expo.kz,28-29-30,,... косметика. Наша компания работает с 2001 года как дистрибьютор в Республике Беларусь и с 2011 г - как производитель. ... импорте и распространении ...,... mỹ phẩm. Công ty chúng tôi đã hoạt động từ năm 2001 với tư cách là nhà phân phối tại Cộng hòa Belarus và từ năm 2011 với tư cách là nhà sản xuất. ...nhập khẩu và phân phối...,... cosmetics. Our company has been operating since 2001 as a distributor in the Republic of Belarus and since 2011 as a manufacturer. ...import and distribution...,"... 화장품. 우리 회사는 2001년부터 벨로루시 공화국의 유통업체로, 2011년부터 제조업체로 운영되어 왔습니다. ...수입 및 유통...",,serp,https://cabeauty.kz/sng,,,,2026-04-18T00:55:53
SUPER HAIR TONIC,mongolia,https://eng.leemoonwon.com,leemoonwon.international@gmail.com,,,Responsible Cosmetics Distributor. LEEMOONWON Bio. Country of Manufacture. Korea. Functional Cosmetic Status. Functional cosmetic helping to alleviate hair loss ...,Nhà phân phối mỹ phẩm có trách nhiệm. Sinh học LEEMOONWON. Nước sản xuất. Hàn Quốc. Tình trạng thẩm mỹ chức năng. Mỹ phẩm chức năng giúp giảm rụng tóc ...,Responsible Cosmetics Distributor. LEEMOONWON Bio. Country of Manufacture. Korea. Functional Cosmetic Status. Functional cosmetic helping to alleviate hair loss ...,책임 있는 화장품 유통업체입니다. 이문원바이오. 제조 국가. 한국. 기능성 화장품 현황. 탈모 완화에 도움을 주는 기능성 화장품...,,serp,https://eng.leemoonwon.com/pages/super-hair-tonic,,,,2026-04-18T00:55:53
"Eye Glitter Market Size, Share and Analysis, 2026-2033",mongolia,https://www.coherentmarketinsights.com,sales@coherentmarketinsights.com,860519526 9001,,"Supply Chain Director – Major Cosmetics Distributor (e.g., Sephora or Ulta equivalent); Production Lead – Specialty Glitter Formulator (e.g. ...",Giám đốc Chuỗi Cung ứng – Nhà phân phối Mỹ phẩm Lớn (ví dụ: tương đương Sephora hoặc Ulta); Trưởng nhóm sản xuất - Người tạo công thức long lanh đặc biệt (ví dụ ...,"Supply Chain Director – Major Cosmetics Distributor (e.g., Sephora or Ulta equivalent); Production Lead – Specialty Glitter Formulator (e.g. ...",공급망 이사 – 주요 화장품 유통업체(예: Sephora 또는 Ulta와 동급) 생산 책임자 – 특수 글리터 포뮬레이터(예: ...,,serp,https://www.coherentmarketinsights.com/industry-reports/eye-glitter-market,,,,2026-04-18T00:55:53
Member,mongolia,https://members.stamfordchamber.com,stamfordchamber@stamfordchamber.com,06902 203,,"Cosmetics Distributor, Cosmetics Manufacturer, Counseling-Marriage, Family, Child, Courier, Courier Service, Craft Shops, Creative Design/Web, Creative Services ...","Nhà phân phối Mỹ phẩm, Nhà sản xuất Mỹ phẩm, Tư vấn-Hôn nhân, Gia đình, Trẻ em, Chuyển phát nhanh, Dịch vụ chuyển phát nhanh, Cửa hàng thủ công, Thiết kế sáng tạo/Web, Dịch vụ sáng tạo ...","Cosmetics Distributor, Cosmetics Manufacturer, Counseling-Marriage, Family, Child, Courier, Courier Service, Craft Shops, Creative Design/Web, Creative Services ...","화장품 유통업체, 화장품 제조사, 상담-결혼, 가족, 자녀, 택배, 택배, 공예품점, 크리에이티브 디자인/웹, 크리에이티브 서비스...",,serp,https://members.stamfordchamber.com/member/newmemberapp,,,,2026-04-18T00:55:53
Гоо сайхны бүтээгдэхүүний экспортын гарын авлага,mongolia,https://www.mongolchamber.mn,info@mongolchamber.mn,+976) 7727-7070,,"Европын холбооны комиссоос баталж мөрддөг хууль тогтоомж, тэдгээрт тавих зарим шаардлагыг манай гоо сайхны бүтээгдэхүүн үйлдвэрлэгчдэд шууд хэрэглэх боломжтой ...",Các luật và quy định được Ủy ban Liên minh Châu Âu thông qua và một số yêu cầu áp dụng cho chúng được áp dụng trực tiếp cho các nhà sản xuất mỹ phẩm của chúng tôi...,The laws and regulations adopted by the European Union Commission and some of the requirements imposed on them are directly applicable to our cosmetics manufacturers...,유럽연합 집행위원회가 채택한 법률 및 규정과 이에 부과된 일부 요구 사항은 당사의 화장품 제조업체에 직접 적용됩니다...,,serp,https://www.mongolchamber.mn/book/7,,,,2026-04-18T00:55:53
Байгалийн гоо сайхны бүтээгдэхүүн үйлдвэрлэгчдэд 15 ...,mongolia,https://www.ouqianmakeup.com,info@ouqianmakeup.com,100000 100,,R&D чиглэлээр мэргэшсэн OEM & ODM гоо сайхны бүтээгдэхүүн үйлдвэрлэдэг компани нь харгислалгүй веган будалт | ouqian.,"Một công ty mỹ phẩm OEM & ODM chuyên về R&D, trang điểm thuần chay không độc hại | Âu Thiên.","An OEM & ODM cosmetics company specializing in R&D, cruelty-free vegan makeup | Ouqian.",크루얼티 프리 비건 메이크업 R&D 전문 OEM & ODM 화장품 회사 | 우첸.,,serp,https://www.ouqianmakeup.com/mn/custom/,,,,2026-04-18T00:55:53
Монголын гоо сайхны бүтээгдэхүүн үйлдвэрлэгчдийг ...,mongolia,https://peak.mn,contact@peak.mn,04,,Үүний эцэст монголын гоо сайхны бүтээгдэхүүн үйлдвэрлэлийн салбарын анхны холбоог үүсгэн байгууллаа. Кластерийнхаа төлөө хамтдаа хийж бүтээж буй үйл хэргийн үр ...,"Sau đó, hiệp hội đầu tiên của ngành mỹ phẩm Mông Cổ được thành lập. Thành quả của công việc chúng ta đang cùng nhau thực hiện cho cụm của mình...","After that, the first association of Mongolian cosmetics industry was founded. The fruit of the work we are doing together for our cluster...",그 후 몽골 최초의 화장품 산업 협회가 설립되었습니다. 우리 클러스터를 위해 함께 하고 있는 일의 결실...,,serp,https://peak.mn/news/mongoliin-goo-saikhnii-buteegdekhuun-uildwerlegchdiig-ewropiin-zakh-zeeld-ursulduulne,,,,2026-04-18T00:55:53
"4772. Эм, гоо сайхан, ариун цэврийн барааны ...",mongolia,https://opendatalab.mn,info@opendatalab.mn,,,"Гоо сайхны бүтээгдэхүүн, гэр ахуйн барааны жижиглэн худалдаа. Эм, эмнэлэгийн ... Мед импорт монгол. Бүртгэсэн огноо: 2018-09-06. Регистрийн дугаар ...",Bán lẻ mỹ phẩm và đồ gia dụng. Thuốc và bệnh viện... Med nhập khẩu Mông Cổ. Ngày đăng ký: 2018-09-06. Số đăng ký...,Retail sale of cosmetics and household goods. Medicines and hospitals ... Med import Mongolian. Date of registration: 2018-09-06. Registration number...,"화장품, 생활용품 소매 판매. 의약품 및 병원 ... Med는 몽골어를 수입합니다. 등록일자: 2018-09-06. 등록번호...",,serp,https://opendatalab.mn/legalentity/4772/companies,,,,2026-04-18T00:55:53
Wholesale,mongolia,https://www.officialkbeauty.com,support@officialkbeauty.com,,,BECOME OUR WHOLESALE PARTNER Partner with the Middle East's Premier Korean Beauty Distributor Who is it for ... Email: wholesale@officialkbeauty.com.,TRỞ THÀNH ĐỐI TÁC BÁN BUÔN CỦA CHÚNG TÔI Hợp tác với Nhà phân phối sản phẩm làm đẹp Hàn Quốc hàng đầu ở Trung Đông Ai dành cho ... Email: sỉ@officialkbeauty.com.,BECOME OUR WHOLESALE PARTNER Partner with the Middle East's Premier Korean Beauty Distributor Who is it for ... Email: wholesale@officialkbeauty.com.,도매 파트너가 되세요 중동 최고의 한국 뷰티 유통업체와 파트너가 되세요 누구를 위한 것인지... 이메일: Wholesale@officialkbeauty.com.,,serp,https://www.officialkbeauty.com/pages/wholesale?srsltid=AfmBOoppcEXDNzPhuAz60nYrY94Uds6Vwj37aB8quIZpoid__w7SYCrN,,,,2026-04-18T00:55:53
NHB,mongolia,http://hosunjung.com,nhb@nhbkorea.com,570-86-01652,,Mongolia Beauty Distributor. Official distributor of Korean beauty products. Nationwide distribution of Korean cosmetics across retail and wholesale channels ...,Nhà phân phối sắc đẹp Mông Cổ. Nhà phân phối chính thức các sản phẩm làm đẹp của Hàn Quốc. Phân phối toàn quốc mỹ phẩm Hàn Quốc qua các kênh bán lẻ và bán buôn...,Mongolia Beauty Distributor. Official distributor of Korean beauty products. Nationwide distribution of Korean cosmetics across retail and wholesale channels ...,몽골 뷰티 디스트리뷰터. 한국 뷰티 제품 공식 대리점입니다. 도·소매 채널을 통해 한국 화장품 전국 유통…,,serp,http://hosunjung.com/38,,,,2026-04-18T00:55:53
cosmetic distributors,mongolia,https://onnatherapy.com,info@onnatherapy.com,200 -,,Are you a cosmetics and beauty distributor and are you interested in selling our products? You just have to call or contact us so we can ...,Bạn là nhà phân phối mỹ phẩm và làm đẹp và bạn quan tâm đến việc bán sản phẩm của chúng tôi? Bạn chỉ cần gọi điện hoặc liên hệ với chúng tôi để chúng tôi có thể...,Are you a cosmetics and beauty distributor and are you interested in selling our products? You just have to call or contact us so we can ...,귀하는 화장품 및 뷰티 유통업체이시며 당사 제품 판매에 관심이 있으십니까? 우리가 할 수 있도록 전화하거나 연락하기 만하면됩니다 ...,,serp,https://onnatherapy.com/en/blogs/news/distribuidores-de-cosmeticos?srsltid=AfmBOorSRJDM7KYs_CJfwfG76N6SdDhSbLedEhaGG8UzjBFNQd01yfsJ,,,,2026-04-18T00:55:53
Professional,mongolia,https://newhairgoal.com,info@newhairgoal.com,10124,,"You have to have a company as a beauty distributor, wholesaler or a professional hair salon. If these requirements meet, we will activate your account ...","Bạn phải có công ty là nhà phân phối sản phẩm làm đẹp, nhà bán buôn hoặc tiệm làm tóc chuyên nghiệp. Nếu những yêu cầu này đáp ứng, chúng tôi sẽ kích hoạt tài khoản của bạn ...","You have to have a company as a beauty distributor, wholesaler or a professional hair salon. If these requirements meet, we will activate your account ...","뷰티 유통업체, 도매업체, 전문 미용실 등의 회사가 있어야 합니다. 이러한 요구 사항이 충족되면 귀하의 계정이 활성화됩니다...",,serp,https://newhairgoal.com/professional/,,,,2026-04-18T00:55:53
21 Beauty Supplies is a Canadian wholesale beauty ...,mongolia,https://www.21beautysupplies.com,21beautysupplies@hairinc.ca,2023 21,,"21 Beauty Supplies is a Canadian wholesale beauty distributor and beauty supply store serving salons, barbershops, and esthetics professionals and the ...","21 Beauty Supplies là nhà phân phối bán buôn sản phẩm làm đẹp và cửa hàng cung cấp sản phẩm làm đẹp của Canada phục vụ các thẩm mỹ viện, tiệm cắt tóc, các chuyên gia thẩm mỹ và ...","21 Beauty Supplies is a Canadian wholesale beauty distributor and beauty supply store serving salons, barbershops, and esthetics professionals and the ...","21 Beauty Supplies는 미용실, 이발소, 미용 전문가 및 미용 전문가에게 서비스를 제공하는 캐나다 도매 미용 유통업체이자 미용 용품점입니다.",,serp,https://www.21beautysupplies.com/,,,,2026-04-18T00:55:53
FAQ,mongolia,https://actiivbrand.com,info@actiivbrand.com,(877) 690-6466,,"If you are interested in retailing ACTIIV products at your business, but cannot purchase from a Beauty distributor, please contact us at info@actiivbrand.com or ...","Nếu bạn quan tâm đến việc bán lẻ các sản phẩm ACTIIV tại doanh nghiệp của mình nhưng không thể mua hàng từ nhà phân phối Beauty, vui lòng liên hệ với chúng tôi theo địa chỉ info@actiivbrand.com hoặc ...","If you are interested in retailing ACTIIV products at your business, but cannot purchase from a Beauty distributor, please contact us at info@actiivbrand.com or ...",귀하의 사업장에서 ACTIIV 제품을 판매하고 싶지만 뷰티 유통업체에서 구매할 수 없는 경우 info@actiivbrand.com으로 문의하거나...,,serp,https://actiivbrand.com/pages/faq?srsltid=AfmBOoqMAdsGhnH8EYWuhi-te67R4QYOR_VdNxqSqEtNPe1UC1CUJVjG,,,,2026-04-18T00:55:53
About us – iga.mn,mongolia,https://iga.mn,info@iga.mn,70200266,,We are an officially authorized distributor of ... Obtained an official license to import ... Cosmetics · News · Contact Us. English Toggle child menu. Монгол хэл ...,Chúng tôi là nhà phân phối chính thức được ủy quyền của ... Đã nhận được giấy phép nhập khẩu chính thức ... Mỹ phẩm · Tin tức · Liên hệ với chúng tôi. Tiếng Anh Chuyển đổi menu con. Монгол хэл ...,We are an officially authorized distributor of ... Obtained an official license to import ... Cosmetics · News · Contact Us. English Toggle child menu. Монгол хэл ...,우리는 ... 화장품 · 뉴스 · 연락처에 대한 공식 수입 허가를 받았습니다. 한국어 토글 하위 메뉴. 몽골 헬 ...,,serp,https://iga.mn/about-eng,,,,2026-04-18T00:55:53
Partners,mongolia,https://lifetronik.mn,crm@lifetronik.mn,+(976) 75754422,,"Additionally, they are employed in the production of food, drugs, and cosmetics. ... It is a distributor of clinical chemistry reagents and equipment for the ...","Ngoài ra, họ còn được tuyển dụng trong sản xuất thực phẩm, thuốc và mỹ phẩm. ... Là nhà phân phối thuốc thử và thiết bị hóa học lâm sàng cho ...","Additionally, they are employed in the production of food, drugs, and cosmetics. ... It is a distributor of clinical chemistry reagents and equipment for the ...","또한 식품, 의약품, 화장품 생산에도 사용됩니다. ... 임상화학 시약 및 장비 유통업체입니다.",,serp,https://lifetronik.mn/en/partners,,,,2026-04-18T00:55:53
Licensing In Mongolia,mongolia,https://mongoliabusiness.mn,trade@mongoliabusiness.mn,0 0 267 27,,"Using An Import Agent, Distributor Or Re-Seller · Import Procedures In ... Popular characters can be found on products as varied as cosmetics, ...","Sử dụng Đại lý Nhập khẩu, Nhà phân phối hoặc Người bán lại · Thủ tục nhập khẩu trong ... Các ký tự phổ biến có thể được tìm thấy trên các sản phẩm đa dạng như mỹ phẩm, ...","Using An Import Agent, Distributor Or Re-Seller · Import Procedures In ... Popular characters can be found on products as varied as cosmetics, ...","수입대리점, 유통업체 또는 재판매업체 이용 · 수입 절차 ... 인기 캐릭터는 화장품, ...",,serp,https://mongoliabusiness.mn/licensing-in-mongolia/,,,,2026-04-18T00:55:53
News.MN,mongolia,https://news.mn,info@news-agency.mn,2026-04-18,,Shiseido products to be sold through direct Mongolian distributor. 2010-04-25. Japanese cosmetics producing company Shiseido will commence sales of its ...,Sản phẩm Shiseido được bán thông qua nhà phân phối trực tiếp tại Mông Cổ. 25-04-2010. Công ty sản xuất mỹ phẩm Nhật Bản Shiseido sẽ bắt đầu bán sản phẩm ...,Shiseido products to be sold through direct Mongolian distributor. 2010-04-25. Japanese cosmetics producing company Shiseido will commence sales of its ...,시세이도 제품은 몽골 직접 대리점을 통해 판매됩니다. 2010-04-25. 일본 화장품 제조사 시세이도가 판매를 개시한다.,,serp,https://news.mn/en/page/2064/?hid=ntoqvwrcgqpyt#!,,,,2026-04-18T00:55:53
Economic Diversification Beyond Mining,mongolia,https://www.eri.mn,contact@eri.mn,2022 2023,,contract a distributor or dealer with its own ... financial pressure for the cosmetics company is the cost of a few imported ... even for import ...,ký hợp đồng với một nhà phân phối hoặc đại lý riêng của mình ... áp lực tài chính đối với công ty mỹ phẩm là chi phí nhập khẩu một số ít ... thậm chí là nhập khẩu ...,contract a distributor or dealer with its own ... financial pressure for the cosmetics company is the cost of a few imported ... even for import ...,자체 유통업체나 딜러와 계약을 맺다...화장품 회사에 재정적 압박은 수입 비용이 몇개...수입이라도...,,serp,https://www.eri.mn/o/26/NE-AMGV2R8-4FJOWJE-4E4MMW3-D4.pdf,,,,2026-04-18T00:55:53
Finding The Best Route To Market In Mongolia,mongolia,https://mongoliabusiness.mn,trade@mongoliabusiness.mn,0 0 267 27,,You will select and appoint one Mongolian distributor as your sole-representative. At the outset you will discuss all aspects of your business ...,"Bạn sẽ chọn và chỉ định một nhà phân phối Mông Cổ làm đại diện duy nhất của mình. Ngay từ đầu, bạn sẽ thảo luận về tất cả các khía cạnh trong công việc kinh doanh của mình...",You will select and appoint one Mongolian distributor as your sole-representative. At the outset you will discuss all aspects of your business ...,귀하는 몽골 대리점 한 곳을 귀하의 단독 대표자로 선택하고 임명하게 됩니다. 처음에는 비즈니스의 모든 측면에 대해 논의하게 됩니다.,,serp,https://mongoliabusiness.mn/finding-the-best-route-to-market-in-mongolia/,,,,2026-04-18T00:55:53
