company_name,country,website,email,phone,address,description,brands_carried,source,source_url,scale,import_frequency,hs_codes,found_at
Cosmetics Store – Providing Good Quality Service,indonesia,https://awk.co.id,admin@awk.co.id,,,Tips Import Barang Dari Luar Negri ... distributor terkemuka yang menyediakan berbagai macam bahan baku kosmetik berkualitas tinggi kepada produsen kosmetik…,,serp,https://awk.co.id/,,,,2026-04-18T00:32:44
SuperKos,thailand,https://superkos.co,hugh.lee@superkos.co,+82 70 7721 7961,,Contact us · English · Russian. Enquire a quotation. Call us +82 70 7721 7961 ... You are a B2B/B2C cosmetics distributor looking for an opportunity to add ...,,serp,https://superkos.co/,,,,2026-04-18T00:32:51
Become a member,thailand,https://www.thaicosmetic.org,center@thaicosmetic.org,+66) (0)2246 7088,,"Clinic, ผลิตเวชสำอาง สำหรับคลีนิกของตัวเอง. Consultant, นักวิชาการอิสระ ที่ปรึกษางานพัฒนาสูตร. Distributor - Cosmetic, ผู้จัดจำหน่ายเครื่องสำอาง ทั้งปลีกและส่ง.",,serp,https://www.thaicosmetic.org/index.php/become-a-member,,,,2026-04-18T00:32:53
"smc global (thailand) co.,ltd.",thailand,https://www.jobthai.com,support@jobthai.com,02-480-9999,,"เป็นธุรกิจประกอบกิจการซื้อ ขาย นำเข้า ส่งออก ทั้งเป็นผู้ผลิตและผู้จัดจำหน่ายเครื่องสำอาง. zero position th. ติดต่อ. SMC GLOBAL (THAILAND) CO.,LTD. 27/2 ซอยอ่อนนุช 21 แขวงอ่อนนุช.",,serp,https://www.jobthai.com/th/company/381748,,,,2026-04-18T00:32:53
สินค้าของเรา | INNELIFE,thailand,https://www.innelife-thailand.com,contact.innelife@gmail.com,082 498 5598,,บริการลงทะเบียนผู้จัดจำหน่ายเครื่องสำอางกับคณะกรรมการอาหารและยา พร้อมยื่นจดแจ้ง อย. เครื่องสำอาง และขอใบ Certificate ที่จำเป็น. ดูเพิ่มเติม. design vector.png ...,,serp,https://www.innelife-thailand.com/products,,,,2026-04-18T00:32:53
KISS OF BEAUTY เพิ่มความปลอดภัยในการจ้างพนักงานให้แก่ ...,thailand,https://www.appman.co.th,agentmate@appman.co.th,,,KISS of Beauty เป็นบริษัทผลิตและผู้จัดจำหน่ายเครื่องสำอาง ที่มีผลิตภัณฑ์ในเครือทั้งหมด 4 แบรนด์ ได้แก่แบรนด์ “Kiss my body” (คิส มาย บอดี้) ซึ่งเป็นสินค้า ...,,serp,https://www.appman.co.th/customer-story-kiss-of-beauty/,,,,2026-04-18T00:32:53
งาน Beautyworld Central Asia (อุซเบกิสถาน) ปี 2026 ณ เมืองทาชเคนต์,thailand,https://www.litonlaser.com,info@litonlaser.com,+86 137 2988 0023,,2. ผู้จัดจำหน่ายเครื่องสำอางและอุปกรณ์ระดับมืออาชีพ ... ติดต่อผ่าน WhatsApp: +86 137 2988 ... เครื่องสำอางประมาณ 80% นำเข้าจากต่างประเทศ ซึ่งสร้างโอกาสสำคัญให้กับแบรนด์ต่างประเทศ.,,serp,https://www.litonlaser.com/th/2026-central-asia-beautyworld-tashkent/,,,,2026-04-18T00:32:53
J3 Beauty Applicators Sdn Bhd Information,thailand,https://rocketreach.co,support@rocketreach.co,,,"... Beauty Distributor, Cosmetic Distributor, Wholesale Beauty Supplies. Looking for a particular J3 Beauty Applicators Sdn Bhd employee's phone or email? Find Info ...",,serp,https://rocketreach.co/j3-beauty-applicators-sdn-bhd-email-format_b78530aac250ac17,,,,2026-04-18T00:32:55
About Us,thailand,https://www.mci-international.co.th,mci.shop.online@gmail.com,,,"We operate business as a distributor of a variety of personal care and cosmetic products. Our largest imports include beauty products such as cosmetics, ...",,serp,https://www.mci-international.co.th/en/about-us,,,,2026-04-18T00:32:58
Our Customers,thailand,https://www.diamondinterchem.co.th,support@diamondinterchem.com,+66) 2 906 4570,,"We are the leading chemical distributor ... We are leading chemicals import and distribution company, with a strong commitment to diversity and inclusion.",,serp,https://www.diamondinterchem.co.th/about-us/customers/,,,,2026-04-18T00:32:58
Cosmetics | Category | Thailand YellowPages,thailand,https://www.yellowpages.co.th,sales@teleinfomedia.co.th,02-262-8888,,"distributor of titanium dioxide (tio2), a white pigment useful for various ... Cosmetics-Import · Cosmetics-Retail · Cosmetics-Wholesale & Manufacturers ...",,serp,https://www.yellowpages.co.th/en/heading/Cosmetics,,,,2026-04-18T00:32:58
Accreditation,thailand,https://www.diamondinterchem.co.th,support@diamondinterchem.com,+66) 2 906 4570,,"Cosmetics; Supplements; Pharmaceuticals; Dialysis · Hematinics; Medical Food ... We are leading chemicals import and distribution company, with a strong ...",,serp,https://www.diamondinterchem.co.th/about-us/accreditation/,,,,2026-04-18T00:32:58
Wholesale,malaysia,https://www.officialkbeauty.com,support@officialkbeauty.com,,,BECOME OUR WHOLESALE PARTNER Partner with the Middle East's Premier Korean Beauty Distributor Who is it for ... Email: wholesale@officialkbeauty.com.,,serp,https://www.officialkbeauty.com/pages/wholesale?srsltid=AfmBOookRJDNmFae5Qukq14Pes9NW4k_e-oyG7nnCBe7kmBsKtwhxpa9,,,,2026-04-18T00:33:05
LAB BEAUTY GROUP | BEAUTY DISTRIBUTOR,malaysia,https://www.labbeautygroup.com,enquiries.labbeautygroup@gmail.com,,,"Lab Beauty is a Malaysia-based consultancy and distributor that helps local and international beauty brands launch, grow, and succeed.",,serp,https://www.labbeautygroup.com/,,,,2026-04-18T00:33:05
J3 Beauty Applicators Sdn Bhd Information,malaysia,https://rocketreach.co,support@rocketreach.co,,,"... Beauty Distributor, Cosmetic Distributor, Wholesale Beauty Supplies. Looking for a particular J3 Beauty Applicators Sdn Bhd employee's phone or email? Find Info ...",,serp,https://rocketreach.co/j3-beauty-applicators-sdn-bhd-email-format_b78530aac250ac17,,,,2026-04-18T00:33:05
OUZHI BEAUTY-Leading Perfume & Cosmetic Wholesaler,malaysia,https://www.ouzhibeauty.com,ouzhi@ouzhibeauty.com,,,"Our customers love the scents, and the products sell very well both online and in-store.” Elena Petrova-Beauty Distributor (Online & Offline Stores) ... Email : ...",,serp,https://www.ouzhibeauty.com/ar/,,,,2026-04-18T00:33:05
Professional,malaysia,https://newhairgoal.com,info@newhairgoal.com,,,"You have to have a company as a beauty distributor, wholesaler or a professional hair salon. If these requirements meet, we will activate your account ...",,serp,https://newhairgoal.com/professional/,,,,2026-04-18T00:33:05
Emerging Markets In Americas Region – MPOC,malaysia,https://www.mpoc.org.my,webmaster@mpoc.org.my,603-7806 4097 603 -,,"In 2019, Mexico's import of palm oil constituted 41% of the total oils and fats imports. Guatemala and Costa Rica were the two major suppliers of palm oil ...",,serp,https://www.mpoc.org.my/emerging-markets-in-americas-region/,,,,2026-04-18T00:33:10
About,malaysia,https://www.missuya.com.my,modestiecorp@gmail.com,+6-06-2888585,,In 1996 the Company was appointed the Sole Distributor of a well-known British Aromatherapy brand in Malaysia. ... * Direct import to Malaysia / Singapore ...,,serp,https://www.missuya.com.my/About-Us/,,,,2026-04-18T00:33:10
Pharmaceutical Importers in Malaysia,malaysia,https://octopus-distribution.com.my,info@octopus-distribution.com.my,,,Contact us today to speak with our regulatory and logistics specialists or to request a tailored import strategy for your products. Whatsapp Us! Contact Us ...,,serp,https://octopus-distribution.com.my/solutions/pharmaceutical-importers-in-malaysia/,,,,2026-04-18T00:33:10
Achima Skincare Sdn Bhd,malaysia,https://halal.bizmatch.my,bryanlee@nexxen.com.my,016 - 337 5001,,Cosmetics ... Achima Skincare Sdn Bhd started off as a professional beauty skincare product distributor in year 2010 and is a privately owned company. ... import ...,,serp,https://halal.bizmatch.my/store/achima-skincare/,,,,2026-04-18T00:33:10
"License Application- Manufacturer, Wholesaler and Importer",malaysia,http://www.jascal.com.my,calvin.soon@gmail.com,,,"Contact Us · Home · Services · Regulatory ... As defined under the Control of Drugs and Cosmetics Regulations 1984, any company that want to manufacture, import ...",,serp,http://www.jascal.com.my/license-application-manufacturer-distributor-and-importer/,,,,2026-04-18T00:33:10
SuperKos,philippines,https://superkos.co,hugh.lee@superkos.co,+82 70 7721 7961,,Contact us · English · Russian. Enquire a quotation. Call us +82 70 7721 7961 ... You are a B2B/B2C cosmetics distributor looking for an opportunity to add ...,,serp,https://superkos.co/,,,,2026-04-18T00:33:16
Top Philippines Cosmetics Importers & Buyers Database,philippines,https://www.tradeimex.in,info@tradeimex.in,,,Who are the largest cosmetics importers in Philippines? · AVON PRODUCTS MFG. INC. · I3 INC. · TOKIWA SUBIC CORP. · BEHN MEYER CHEMICALS (PHILIPPINES) · ASIA PRIMERA ...,,serp,https://www.tradeimex.in/company/customs-data/philippines-cosmetics-importer,,,,2026-04-18T00:33:25
Descorp Inc. – View Import Activity Records,philippines,https://www.tradeimex.in,info@tradeimex.in,,,Gain access to a comprehensive shipment trade database of Philippines cosmetics importers with our powerful market reports today. ... Contact us ... WHY CHOOSE US?,,serp,https://www.tradeimex.in/company/customs-data/philippines-cosmetics-importer/descorp-inc.,,,,2026-04-18T00:33:25
Unlock the Secrets to Importing Authentic J-Beauty & K- ...,philippines,https://importanything.ph,hello@importanything.ph,0917 638 4274,,Focus on building your beauty empire while we handle the logistics. 4. Secure the Necessary Import Permits. Importing cosmetics to the ...,,serp,https://importanything.ph/how-to-source-authentic-j-beauty-and-k-beauty-products-to-import/,,,,2026-04-18T00:33:35
Innomedics Trading Corp.,philippines,https://innomedics.ph,innomedics.trading@gmail.com,(045) 499-8151,,"Innomedics Trading Corporation was founded in January 2024 as a licensed distributor of cosmetics, drugs, and medical devices. ... import to local distribution.",,serp,https://innomedics.ph/,,,,2026-04-18T00:33:35
Ilyon Industrial Corporation: Chemical Distributor,philippines,https://www.ilyon.com.ph,info@ilyon.com.ph,+632 8983-2035,,"We provide important raw materials like industrial chemicals used by various industries in construction, paint, cosmetics ... import@ilyon.com.ph (for supplier ...",,serp,https://www.ilyon.com.ph/,,,,2026-04-18T00:33:35
International Distribution Development Manager– Beauty / FMCG,philippines,https://www.onlinejobs.ph,support@onlinejobs.ph,,,"... Import ... - Assist in preparing distributor proposals and onboarding documentation. ... - FMCG, beauty, cosmetics, personal care, or pharma experience",,serp,https://www.onlinejobs.ph/jobseekers/job/International-Distribution-Development-Manager-Beauty-FMCG-1547830,,,,2026-04-18T00:33:35
SuperKos,kazakhstan,https://superkos.co,hugh.lee@superkos.co,+82 70 7721 7961,,You are a B2B/B2C cosmetics distributor looking for an opportunity to add the K-Beauty products to your portfolio. Read our customers reviews. Ms. Shyryn ...,,serp,https://superkos.co/,,,,2026-04-18T00:33:38
SUPER HAIR TONIC,kazakhstan,https://eng.leemoonwon.com,leemoonwon.international@gmail.com,,,Responsible Cosmetics Distributor. LEEMOONWON Bio. Country of Manufacture. Korea. Functional Cosmetic Status. Functional cosmetic helping to alleviate hair loss ...,,serp,https://eng.leemoonwon.com/pages/super-hair-tonic,,,,2026-04-18T00:33:38
Personal care distribution CIS | Skincare distributor CIS,kazakhstan,https://nexusbrands.me,info@nexusbrands.me,+971 42 969 090,,"Nexus Brands Solutions. Nexus Brands' Seed-Lead-Grow model excels in these dynamics, offering end-to-end support as a cosmetics distributor CIS region leader.",,serp,https://nexusbrands.me/beyond-the-shelf-stock-management-ecommerce-personal-care-cis/,,,,2026-04-18T00:33:38
Лечебные и косметические грязи,kazakhstan,http://elitmud.kz,order@elitmud.kz,,,"Мы — официальный дистрибьютор косметики и выстраиваем стабильные оптовые поставки для розницы, салонов красоты. Предлагаем понятные условия, регулярные отгрузки ...",,serp,http://elitmud.kz/,,,,2026-04-18T00:33:44
Корейская косметика оптом,kazakhstan,https://superkos.co,hugh.lee@superkos.co,+82 70 7721 7961,,Вы являетесь дистрибьютором косметики B2B / B2C и ищете возможность расширить свой ассортимент и добавить новые бренды в свое портфолио. Отзывы наших ...,,serp,https://superkos.co/ru/,,,,2026-04-18T00:33:44
Масло для волос LADOR в Алматы,kazakhstan,https://kazkotrade.kz,info@kazkotrade.kz,+7(727) 310-12-17,,"Мы, как официальный дистрибьютор косметики из Южной Кореи, обеспечиваем стабильные поставки оригинальной корейской продукции по доступным оптовым ценам!",,serp,https://kazkotrade.kz/product-category/maslo-dlya-volos/,,,,2026-04-18T00:33:44
АО Экспортфарм,kazakhstan,https://exportff.com,nfo@exportff.ru,+7 (495) 772-99-77,,"Казахстан ... Косметические средства и средства по уходу. Экспортфарм, товары для здоровья, дистрибьюторы России, дистрибьютор косметика, дистрибьютор товары для ...",,serp,https://exportff.com/,,,,2026-04-18T00:33:44
Wholesale,kazakhstan,https://www.officialkbeauty.com,support@officialkbeauty.com,,,BECOME OUR WHOLESALE PARTNER Partner with the Middle East's Premier Korean Beauty Distributor Who is it for ... Email: wholesale@officialkbeauty.com.,,serp,https://www.officialkbeauty.com/pages/wholesale?srsltid=AfmBOorC95IYmEtjesV2S8lKbo0LaMTNKlAZilsJBB6bIjMZ1TpNrmTH,,,,2026-04-18T00:33:54
ТОО Beautyprof Information,kazakhstan,https://rocketreach.co,support@rocketreach.co,,,"... Beauty Distributor, Professional Cosmetics, Personal Care, Wholesale Beauty, Fragrance, Cosmetic Wholesale, Salon Supplies, Spa Products, Cosmetics ...",,serp,https://rocketreach.co/too-beautyprof-profile_b4241c9bff0f9600,,,,2026-04-18T00:33:54
Professional,kazakhstan,https://newhairgoal.com,info@newhairgoal.com,,,"You have to have a company as a beauty distributor, wholesaler or a professional hair salon. If these requirements meet, we will activate your account ...",,serp,https://newhairgoal.com/professional/,,,,2026-04-18T00:33:54
21 Beauty Supplies is a Canadian wholesale beauty ...,kazakhstan,https://www.21beautysupplies.com,21beautysupplies@hairinc.ca,,,"21 Beauty Supplies is a Canadian wholesale beauty distributor and beauty supply store serving salons, barbershops, and esthetics professionals and the ...",,serp,https://www.21beautysupplies.com/,,,,2026-04-18T00:33:54
КАЗАХСТАНСКИЕ КОМПАНИИ,kazakhstan,https://cabeauty.kz,director@ns-expo.kz,,,"Компания Koreanshop с 2005 г. занимается официальным импортом и дистрибьюцией широкого ассортимента косметики, средств по уходу и гигиене, а также бытовой химии ...",,serp,https://cabeauty.kz/kazahstanskie-kompanii,,,,2026-04-18T00:33:55
Pharmsklad.kz,kazakhstan,https://pharmsklad.kz,general@pharmsklad.kz,+ 7 (727) 237-78-37,,"Дистрибьютор лекарственных препаратов, парафармацевтики и косметики в Казахстане. ... Осуществляем импорт на рынок Казахстана из разных стран мира. Опытная ...",,serp,https://pharmsklad.kz/,,,,2026-04-18T00:33:55
Skin Level,kazakhstan,http://skin-level.kz,zinia1976@gmail.com,+7 702 492 4982,,Skin Level — международная торговая компания и официальный дистрибьютор корейских бьюти и fashion-брендов. С 2019 года мы поставляем оригинальную косметику ...,,serp,http://skin-level.kz/,,,,2026-04-18T00:33:55
КОМПАНИИ СНГ,kazakhstan,https://cabeauty.kz,director@ns-expo.kz,,,... косметика. Наша компания работает с 2001 года как дистрибьютор в Республике Беларусь и с 2011 г - как производитель. ... импорте и распространении ...,,serp,https://cabeauty.kz/sng,,,,2026-04-18T00:33:55
Tata Cara Pengajuan PB-UMKU Rekomendasi Sebagai ...,indonesia,https://www.instagram.com,lorenzoroman@instagram.com,,,... distributor kosmetik pemilik nomor notifikasi distributor kosmetik ... email.com Kata Sandi Masukkan kata sandi Butuh Bantuan? Masuk ...,,serp,https://www.instagram.com/reel/DPQ3lLpj4-b/,,,,2026-04-18T00:32:44
"""Merek kosmetik milik Dongbang Food, SOOPJAK, ...",indonesia,https://www.instagram.com,lorenzoroman@instagram.com,,,"For Indonesia shipping inquiries, please contact us at from Monday - Friday ... Distributor kosmetik terpercaya ✨ Saatnya tokomu cuan maksimal!",,serp,https://www.instagram.com/p/DO96_bykjCw/,,,,2026-04-18T00:32:44
penting buat para importir kosmetik!,indonesia,https://www.facebook.com,,,,"PENTING BUAT PARA IMPORTIR KOSMETIK! Pernah ... Indonesia, langsung hubungi WINIU dan konsultasi sekarang! ... Hubungi kami : Mr.RIKI WhatsApp: wa.me ...",,serp,https://www.facebook.com/groups/319603292738777/posts/1611114916920935/,,,,2026-04-18T00:32:44
🚨 PENTING BUAT PARA IMPORTIR KOSMETIK ...,indonesia,https://www.instagram.com,lorenzoroman@instagram.com,,,Konsultasi GRATIS — hubungi kami melalui DM Mari wujudkan brand Anda bersama Yagi Natural Indonesia #maklonskincare · #maklonbodycare · #jasamaklon,,serp,https://www.instagram.com/p/DRg92IZkwgw/,,,,2026-04-18T00:32:44
Cosmetics Import Indonesia,indonesia,https://www.instagram.com,lorenzoroman@instagram.com,,,Strategic Compliance Architect | Membantu Bisnis Kosmetik Tumbuh Tanpa Tersandung Regulasi Mengapa Banyak Importir Kosmetik Kehilangan ... Hubungi ...,,serp,https://www.instagram.com/popular/cosmetics-import-indonesia/,,,,2026-04-18T00:32:44
"KoreaShop24 Products > UniBee Propolis, ...",indonesia,https://www.instagram.com,lorenzoroman@instagram.com,,,#exporting #wholesaler #cosmetics #distributor #health supplements ... import enterprise specializing in high-end Korean cosmetics. We are ...,,serp,https://www.instagram.com/p/DNFJ8XlTgL9/,,,,2026-04-18T00:32:44
"PJ Distributors on Instagram: ""At PJ Distributors, we bring you ...",indonesia,https://www.instagram.com,lorenzoroman@instagram.com,,,"[Prasad Distributor Assam, salon products supplier India, bulk cosmetics distributor, wholesale beauty products Assam, GK Keratin Lotus ...",,serp,https://www.instagram.com/reel/DM9HdMsAnCU/,,,,2026-04-18T00:32:44
The biggest cosmetics wholesale market in Asia. Beauty ...,indonesia,https://www.tiktok.com,elizabeth.duswalt@tiktok.com,2026041801383126,,The biggest cosmetics hell Center in Asia. This place provide everything but Beauty.,,serp,https://www.tiktok.com/@peterwholesale/video/7387269830983814431,,,,2026-04-18T00:32:44
All skincare face/body products factory wholesale suppliers ...,indonesia,https://www.instagram.com,lorenzoroman@instagram.com,,,"... wholesale suppliers available, local wholesalers available too… #wholesalecosmetics #import #wholesale #skincare #cosmetics #Distributor ...",,serp,https://www.instagram.com/reel/Ct_QrpHAI8t/,,,,2026-04-18T00:32:44
List of Companies kosmetik from Complete Supplier,indonesia,https://en.indonetwork.co.id,,,,"KAMI ADALAH DISTRIBUTOR PENJUAL BERBAGAI OBAT PELANGSING BADAN ALAMI DAN HERBAL, KOSMETIK IMPORT HERBAL. > > KOSMETIK : - OBAT JERAWAT PILL + CREAM ...",,serp,https://en.indonetwork.co.id/k/dekorasi-rumah-lainnya/perusahaan?q=kosmetik&page=3,,,,2026-04-18T00:32:44
About Us,indonesia,https://kbestshop.co.id,,,,PT Multi Bestri Indonesia bergerak di bidang Perdagangan dan Distributor Utama Kosmetik ... 2004 Import ( 1st shipment of Korean Ginseng Products ) and ...,,serp,https://kbestshop.co.id/Home/About,,,,2026-04-18T00:32:44
"TENLION Co., Ltd.｜For the Future of Aesthetic Medicine",thailand,https://tenlion-inc.com,master@tenlion-inc.com,,,"Import Agency Services for Aesthetic Medical Products; Doctors' Cosmetics E ... Doctor-Developed Cosmetics Distributor, Other. File Upload. Message＊. Contact us.",,serp,https://tenlion-inc.com/,,,,2026-04-18T00:32:51
"Founded in 2016, Sup's Stars Natural Cosmetics is located ...",thailand,https://www.facebook.com,,,,... Contact us for 24/7 advice. I am happy to serve you. Thank you for ... Korean cosmetics distributor ...,,serp,https://www.facebook.com/groups/154739781981620/posts/1676534589802124/,,,,2026-04-18T00:32:51
📌Connect with International Beauty Providers at COSMEX ...,thailand,https://www.instagram.com,lorenzoroman@instagram.com,,,"CONTACT US. Michael Molino michael.molino@informa.com | + ... Photo by Korean Cosmetics Distributor on March 09, 2026. May be a ...",,serp,https://www.instagram.com/p/DQL6rbJlfap/,,,,2026-04-18T00:32:51
maxCare Guangzhou Cosmetics Co. Ltd. ...,thailand,https://www.facebook.com,,,,Contact us today to start your private label skincare business. ... we are looking for cosmetics distributor or sales executive for our ...,,serp,https://www.facebook.com/groups/7893796390732318/posts/9861624370616167/,,,,2026-04-18T00:32:51
Direct Supplier of Beauty Products,thailand,https://www.tiktok.com,elizabeth.duswalt@tiktok.com,20260418013848,,"... cosmetics distributor,spa suppliers in Kenya,cosmetics delivery ... Contact us today. #foreigntrade #sadoer #manufacturer ...",,serp,https://www.tiktok.com/discover/direct-supplier-of-beauty-products,,,,2026-04-18T00:32:51
⚙Sourcing⚙ 🌏บริษัท Celavi ผู้จัดจำหน่ายเครื่องสำอางใน ...,thailand,https://www.facebook.com,,,,Sourcing⚙ บริษัท Celavi ผู้จัดจำหน่ายเครื่องสำอาง ... ติดต่อ และ Company Profile มาที่ ☎️คุณปิยะธิดา 02 553 8402 piyadhida ...,,serp,https://www.facebook.com/BTEDBOI/posts/sourcing-%E0%B8%9A%E0%B8%A3%E0%B8%B4%E0%B8%A9%E0%B8%B1%E0%B8%97-celavi-%E0%B8%9C%E0%B8%B9%E0%B9%89%E0%B8%88%E0%B8%B1%E0%B8%94%E0%B8%88%E0%B8%B3%E0%B8%AB%E0%B8%99%E0%B9%88%E0%B8%B2%E0%B8%A2%E0%B9%80%E0%B8%84%E0%B8%A3%E0%B8%B7%E0%B9%88%E0%B8%AD%E0%B8%87%E0%B8%AA%E0%B8%B3%E0%B8%AD%E0%B8%B2%E0%B8%87%E0%B9%83%E0%B8%99%E0%B8%9B%E0%B8%A3%E0%B8%B0%E0%B9%80%E0%B8%97%E0%B8%A8%E0%B8%AA%E0%B8%AB%E0%B8%A3%E0%B8%B1%E0%B8%90%E0%B8%AD%E0%B9%80%E0%B8%A1%E0%B8%A3%E0%B8%B4%E0%B8%81%E0%B8%B2-%E0%B8%A1%E0%B8%AD%E0%B8%87%E0%B8%AB%E0%B8%B2%E0%B8%9C%E0%B8%B9%E0%B9%89%E0%B8%9C%E0%B8%A5%E0%B8%B4/1088776869920917/,,,,2026-04-18T00:32:53
หน้าแรก,thailand,https://snjinter.com,phattaramon_h@snjinter.com,2022 1 2 3,,Better Way ผู้จัดจำหน่ายเครื่องสำอางแบรนด์ Mistine และ S&J ได้ร่วมกันพัฒนา ผลิต และทำการตลาดผลิตภัณฑ์ด้านความงามและผลิตภัณฑ์บำรุงผิวในภูมิภาคเอเชียเป็นระยะ ...,,serp,https://snjinter.com/th/,,,,2026-04-18T00:32:53
ฉันจะหาเอเจนซี่/บริการเพื่อติดต่อผู้ผลิตเครื่องสำอางในเกาหลีได้อย่างไร?,thailand,https://www.reddit.com,steve@reddit.com,2026-04-17 17,,ผู้จัดจำหน่ายเครื่องสำอางในสหราชอาณาจักร · r/GothStyle - ผู้จัดจำหน่ายเครื่องสำอางในสหราชอาณาจักร. การโหวตถูกใจ 79 ครั้ง · 7 คอมเมนต์. แบรนด์ความงามยุโรป · ไอคอน ...,,serp,https://www.reddit.com/r/chemistry/comments/1dig4d1/how_do_i_find_agencyservices_to_contact_cosmetics/?tl=th,,,,2026-04-18T00:32:53
ข้อมูล บริษัท บีพีเอส ครอส บอเดอร์ จำกัด,thailand,https://www.dataforthai.com,support@dataforthai.com,,,"BPS CROSS BORDER CO., LTD. ทะเบียน:0105567147171 เป็นธุรกิจประกอบกิจการซื้อ ขาย นำเข้า ส่งออก ทั้งเป็นผู้ผลิตและผู้จัดจำหน่ายเครื่องสำอาง อุปกรณ์แ กรุงเทพมหานคร.",,serp,https://www.dataforthai.com/company/0105567147171/,,,,2026-04-18T00:32:53
บริษัท proworks trading จำกัด ผู้จัดจำหน่ายเครื่องสำอางแบรนด์ ...,thailand,https://www.facebook.com,,,,... PROWORKS TRADING จำกัด ผู้จัดจำหน่ายเครื่องสำอางแบรนด์ MEE ... ติดต่อสอบถาม โทร 02 1150267 ในเวลาทำการ หรือ สมัครด้วยตนเอง หรือ ...,,serp,https://www.facebook.com/groups/Internshipjobsbangkok/posts/4459495064278683/,,,,2026-04-18T00:32:53
We are Authorized Distributor of assorted beauty products ...,thailand,https://www.facebook.com,,,,— Tyrell Spartan Superior Products UK-based Beauty Distributor WhatsApp: +44 7415 341770 · Jackie Chen and 3 others. 4 reactions ·. 5 ...,,serp,https://www.facebook.com/groups/625045393016300/posts/1236603395193827/,,,,2026-04-18T00:32:55
KEKE COSMETICS | CALL NOW !!! +1 786 896 4446,thailand,https://www.instagram.com,lorenzoroman@instagram.com,,,... Beauty Distributor ... WholesaleMarketplace #Cosmetics #Import #Export #ImportExport #Ecommerce #RetailGrowth #Marketplace.,,serp,https://www.instagram.com/p/DW3xA1tDm6s/,,,,2026-04-18T00:32:55
Dear All,thailand,https://www.facebook.com,,,,— Tyrell Spartan Superior Products UK-based Beauty Distributor WhatsApp: +44 7415 341770 ... Leslie Kplim ▻ Thailand Cosmetics Wholesale Market ... Is there ...,,serp,https://www.facebook.com/groups/2803242403297596/posts/4086654041623086/,,,,2026-04-18T00:32:55
"APERIRE: Discover one of Korea's No. 1 brands, exclusively at ...",thailand,https://www.baekhobeauty.com,,,,"Professional Access & Contact. Your K-Beauty Distributor in Europe Leading wholesaler of Korean cosmetics for Benelux (Belgium, Netherlands, Luxembourg) and ...",,serp,https://www.baekhobeauty.com/en/blogs/infos/aperire-decouvrez-une-des-marques-n-1-en-coree-exclusivement-chez-baekho-beauty-en-belgique-pays-bas-et-luxembourg?srsltid=AfmBOorE2-fqwlgSouSU2hB6KoMwy6L6zHwALbno-UDJX1SsvJ6gXFQ8,,,,2026-04-18T00:32:55
Beauty Vendor Wholesale Supplier,thailand,https://www.tiktok.com,elizabeth.duswalt@tiktok.com,202604180139071,,"... Beauty distributor, skincare inventory solutions, small business K-Beauty ... Thailand beauty products wholesale, buy beauty products in ...",,serp,https://www.tiktok.com/discover/beauty-vendor-wholesale-supplier,,,,2026-04-18T00:32:55
SILVER – To be a leading importer and distributor of ...,thailand,https://silver.co.th,,,,"As part of SILVER GROUP, we deliver premium cosmetics, pharmaceuticals and ... Import Procedures into Thailand · Blog19/01/2026 · Thai FDA Cosmetic ...",,serp,https://silver.co.th/,,,,2026-04-18T00:32:58
Professional and compliance,thailand,https://wellion.co.th,,,,"Thailand FDA registration service for food supplements, cosmetics, and hazardous products. Fast, compliant import licensing with expert local support.",,serp,https://wellion.co.th/thailand-fda-registration/,,,,2026-04-18T00:32:58
Career Opportunity,thailand,https://www.karmarts.co.th,,,,"Karmarts is an importer and distributor of cosmetics, facial care and personal care products, beauty accessories and dietary supplements. ... Experience in import ...",,serp,https://www.karmarts.co.th/en/careers/opportunity,,,,2026-04-18T00:32:58
FMCG,malaysia,https://www.dcclconsulting.com,,,,NixxxxxxxxxxS. Phone number +6xxxxxxxxxx15. Sign in/sign up to see contact details ...,,serp,https://www.dcclconsulting.com/search-results.html?category=4,,,,2026-04-18T00:33:01
📌Connect with International Beauty Providers at COSMEX ...,malaysia,https://www.instagram.com,lorenzoroman@instagram.com,,,"Photo by Korean Cosmetics Distributor on March 09, 2026. May be a ... Contact Uploading & Non-Users · Meta Verified. English. Afrikaans ...",,serp,https://www.instagram.com/p/DQL6rbJlfap/,,,,2026-04-18T00:33:01
Korean Cosmetic Companies Directory | PDF,malaysia,https://www.scribd.com,gregv@scribd.com,,,synergy effect on it. Company Information Company Name(Business Type) J&G COSMETICS (Distributor). Homepage [Link]. Contact Person 05. 24K Gold ...,,serp,https://www.scribd.com/document/756833718/Directory-Of-Korean-Cosmetic-CompaniesENG,,,,2026-04-18T00:33:01
Problematika_Notifikasi_Kosmeti...,malaysia,https://eprints.undip.ac.id,,,,... pengedar kosmetik tanpa notifikasi yang mengandung bahan kimia berbahaya yang lain atau yang berada ditingkat atas seperti distributor. Upaya yang dilakukan ...,,serp,https://eprints.undip.ac.id/61604/1/Problematika_Notifikasi_Kosmetika_Impor.docx,,,,2026-04-18T00:33:02
Laman Web Rasmi Unit Perhubungan Dan Latihan Industri PKB,malaysia,http://spmp.psp.edu.my,,,,"Berikutan perkara diatas, saya mewakili Elentec Malaysia Sdn Bhd menulis emel ... Jenis perniagaan : Pegeluar & Pengedar Kosmetik Lokasi : Shah Alam, Selangor",,serp,http://spmp.psp.edu.my/upliv2/vbindex.jsp,,,,2026-04-18T00:33:02
Wholesaler,malaysia,https://jslessentials.com,info@jslessentials.com,,,"If you are a beauty distributor, retailer or salon, please fill in our contact form below and our Business Development Director will be in touch within 48 hours ...",,serp,https://jslessentials.com/wholesaler,,,,2026-04-18T00:33:05
We are Authorized Distributor of assorted beauty products ...,malaysia,https://www.facebook.com,,,,— Tyrell Spartan Superior Products UK-based Beauty Distributor WhatsApp: +44 7415 341770 · Jackie Chen and 3 others. 4 reactions ·. 5 ...,,serp,https://www.facebook.com/groups/625045393016300/posts/1236603395193827/,,,,2026-04-18T00:33:05
Personal Care,malaysia,https://slncosmetique.com,,,,"Singapore – As a beauty distributor Singapore, we offer an array of beauty ... Contact Us Today to Start Your Wholesale Journey. Ready to place your ...",,serp,https://slncosmetique.com/personal-care/,,,,2026-04-18T00:33:05
"Milmul | Premium Korea Skin Care, Beauty Cosmetic Products ...",malaysia,https://www.milmuldistribution.com,,,,Trusted K-beauty distributor in Malaysia. 'Milmul' a Korean term that ... Please enter your email address. Milmul Distribution Duit Now Qr Code. © 2024 ...,,serp,https://www.milmuldistribution.com/,,,,2026-04-18T00:33:05
Company Overview,malaysia,https://avares.com.my,jennyloh@avares.com.my,+603 8962 1800,,"Halal Cosmetics · Home Care · Services. SERVICES. Market Insights · Distribution ... Your Trusted Distributor for Raw Materials, Chemicals and Active Ingredients.",,serp,https://avares.com.my/company-overview/,,,,2026-04-18T00:33:10
wjclinic on eBay,malaysia,https://www.ebay.com.my,myrswebhelp@ebay.com.my,1776447595,,"WJCLINIC ✔️COMPANY VISION & BRAND IDENTITY #1. As a distributor that exports and sells cosmetics, WJ Holdings launched its brand 'WJ Clinic' to communicate ...",,serp,https://www.ebay.com.my/usr/wjclinic?_trksid=p4429486.m3561.l49544,,,,2026-04-18T00:33:10
"Importers, Wholesalers, Dealers, Retailers, Trading House ...",malaysia,https://www.mycen.com.my,terrence@mycen.com.my,1999-2024,,"Related: Brands | Retailers | Cosmetics | Electronics | Cameras | Pharmaceutical | ... distributor, vendor, vendors, supplier, industrial, consumer, commercial ...",,serp,https://www.mycen.com.my/malaysia/product_05.html,,,,2026-04-18T00:33:10
Need experienced Distributor for imported premium quality ...,philippines,https://www.facebook.com,,,,Contact us now on WhatsApp: +84 973401435 ♻️ If you sell these ... Cosmetics Distributor Worldwide and many other HOT products! - ...,,serp,https://www.facebook.com/groups/1491343164505550/posts/3625210341118811/,,,,2026-04-18T00:33:16
Apotecha Consultancy,philippines,https://www.facebook.com,,,,... CONTACT US: 0965-685-5100 APOTECHACONSULTANCY@GMAIL.COM FDA ... Congratulations Cosmetics Distributor/Importer LTO!!! May be an ...,,serp,https://www.facebook.com/groups/1450923488642254/posts/2624369884630936/,,,,2026-04-18T00:33:16
📌Connect with International Beauty Providers at COSMEX ...,philippines,https://www.instagram.com,lorenzoroman@instagram.com,,,"CONTACT US. Michael Molino michael.molino@informa.com | + ... Photo by Korean Cosmetics Distributor on March 09, 2026. May be a ...",,serp,https://www.instagram.com/p/DQL6rbJlfap/,,,,2026-04-18T00:33:16
Are you a COSMETICS DISTRIBUTOR/ TRADER owner?,philippines,https://www.facebook.com,,,,"... COSMETICS DISTRIBUTOR/ TRADER now and be FDA ... Contact Us Before Christmas! 09929609580 ... (Import/Export) ☑️ SOP, Quality Manual & Site ...",,serp,https://www.facebook.com/groups/874255980971291/posts/1155716369491916/,,,,2026-04-18T00:33:16
2026 — Going further Dr.SANTE Global Expansion Always ...,philippines,https://www.instagram.com,lorenzoroman@instagram.com,,,"Contact us today to bring Korean youth ... Photo shared by Korean Cosmetics Distributor on March 09, 2026 tagging @cosmoprofworldwide, @.",,serp,https://www.instagram.com/reel/DWD0jvVAZY3/,,,,2026-04-18T00:33:16
We are Authorized Distributor of assorted beauty products ...,philippines,https://www.facebook.com,,,,— Tyrell Spartan Superior Products UK-based Beauty Distributor WhatsApp: +44 7415 341770 · Jackie Chen and 3 others. 4 reactions ·. 5 ...,,serp,https://www.facebook.com/groups/625045393016300/posts/1236603395193827/,,,,2026-04-18T00:33:24
✨BeautyEurasia: The platform where connections turn into ...,philippines,https://www.instagram.com,lorenzoroman@instagram.com,,,BESN Group is a Global Luxury Beauty Distributor and Brand Architect. With core competencies in: Cross-border B2B wholesale solutions,,serp,https://www.instagram.com/p/DXHpoX5lz-_/,,,,2026-04-18T00:33:24
Joycy Roncal‏,philippines,https://ae.linkedin.com,,,,"Joycy Roncal. BDE - KBeauty Distribution. The Mirae International Co. LTD - K Beauty Distributor De Paul College, Iloilo City ...",,serp,https://ae.linkedin.com/in/joycy-roncal-0a205a31,,,,2026-04-18T00:33:24
E L C Beauty Inc.'s Business Report-Great Export Import,philippines,https://en.52wmb.com,,,,"is a highly specialized, Estée Lauder–aligned beauty distributor—not a manufacturer or retailer. Over 93% of its trade volume flows through just two Estée ...",,serp,https://en.52wmb.com/company/c25588620,,,,2026-04-18T00:33:24
How to Find Beauty Cosmetics Wholesale Supplier,philippines,https://www.tiktok.com,elizabeth.duswalt@tiktok.com,20260418014000,,"Wholesale Suppliers in The Philippines ... wholesale pricing, cosmetics bulk shipment, authorized beauty distributor, genuine cosmetics trade.",,serp,https://www.tiktok.com/discover/how-to-find-beauty-cosmetics-wholesale-supplier,,,,2026-04-18T00:33:24
Find your nearest dealer with the Store Locator,philippines,https://jaguar-solingen.com,info@jaguar-solingen.com,+49 (0) 212 252070,,Email: customercare@nazih.com. Phone: +971 65 739 392. Bolivian Beauty Distributor - Corbell. Website: https://corbell.com.bo. Email: info.ventas@corbell.com.bo,,serp,https://jaguar-solingen.com/en/pages/store-locator?srsltid=AfmBOorV28tcEGLAdJqb4pmBiwqtUmCox_ArWUci_R-hK6GKAk3FnoYU,,,,2026-04-18T00:33:24
The 4 Benefits of an AI Content Management System,philippines,https://capacity.com,mike.mixon@capacity.com,,,"Beauty - Distributor, Beauty - Massage Services, Beauty - Med Spa, Beauty - Salon and Spa, Beauty - Salon Only, Beauty - School, Beauty - Spa Only, Biotech ...",,serp,https://capacity.com/learn/ai-chatbots/ai-content-management/,,,,2026-04-18T00:33:24
Day 3 of the Exhibition! Exclusive Products on Display!,philippines,https://www.instagram.com,lorenzoroman@instagram.com,,,BESN Group is a Global Luxury Beauty Distributor and Brand Architect. With core competencies in: Cross-border B2B wholesale solutions,,serp,https://www.instagram.com/p/C96Jnl-K-cO/,,,,2026-04-18T00:33:24
Some By Mi Global,philippines,https://www.facebook.com,,,,Hi.. So basically I receive info ni directly dari wakil Heksim (K-Beauty distributor/wholesale company) dan dia minta tolong I spread the news ...,,serp,https://www.facebook.com/Somebymi.official/posts/heads-upweve-received-several-reports-from-customers-about-scam-products-and-the/984204293752918/,,,,2026-04-18T00:33:24
Any cosmetics importer/authorized distributor here?,philippines,https://www.facebook.com,,,,Any cosmetics importer/authorized distributor here ... Does anyone have a contact list of wholesales I can contact or physical store I can ...,,serp,https://www.facebook.com/groups/DSEntrepreneurs/posts/2678781498899344/,,,,2026-04-18T00:33:25
Cosmetics Importers,philippines,https://www.exporthub.com,,,,1771Buyer(s) found. Buy cosmetics importer. Required Quantity: Contact Buyer. Frequency: One Time.,,serp,https://www.exporthub.com/importers/cosmetics/,,,,2026-04-18T00:33:25
Licensed Cosmetics Importer : r/BusinessPH,philippines,https://www.reddit.com,steve@reddit.com,,,Licensed Cosmetics Importer. Permits & Documents. Hello. Anyone here ... Thinking of importing products from China to sell in the Philippines – ...,,serp,https://www.reddit.com/r/BusinessPH/comments/1no95qh/licensed_cosmetics_importer/,,,,2026-04-18T00:33:25
"Did you know that certain ""skincare products"" can be ...",philippines,https://www.facebook.com,,,,... Cosmetics Importer | Exporter | Wholesaler. Can someone know how to? Can I seek for your assistance? Thank you! FDA Consultancy and 4 others.,,serp,https://www.facebook.com/BureauOfCustomsPH/posts/customs101-did-you-know-that-certain-skincare-products-can-be-imported-into-the-/702178448755174/,,,,2026-04-18T00:33:25
LTO-3000006634581 as Food Exporter/Wholesaler FDA ...,philippines,https://www.facebook.com,,,,... Cosmetics Importer | Exporter | Wholesaler. Can someone know how to? Can I seek for your assistance? Thank you! FDA Consultancy and 4 others.,,serp,https://www.facebook.com/LeFleurSkinCareandCosmeticsCo/posts/lefleur-fda-license-to-operatelicense-number-lto-3000005871464-as-cosmetic-impor/367616681381016/,,,,2026-04-18T00:33:25
https://verification.fda.gov.ph/COSMETIC_ALL_INDUS...,philippines,https://verification.fda.gov.ph,,,,"... , Laguna International Industrial Park (LIIP), Binan, Laguna"",""Calabarzon (Region IV-A)"",""Cosmetics Importer|Exporter"",""21 October 2016"",""21 October 2017""",,serp,https://verification.fda.gov.ph/COSMETIC_ALL_INDUSTRYview.php?export=csv&ACCOUNTCODE=LTO-3000000985478,,,,2026-04-18T00:33:25
Our FDA LTO Story. We applied for FDA certification ...,philippines,https://www.facebook.com,,,,... Cosmetics Importer | Exporter | Wholesaler. Can someone know how to? Can I seek for your assistance? Thank you! FDA Consultancy and 4 others.,,serp,https://www.facebook.com/bibacakesandpastries/posts/our-fda-lto-storywe-applied-for-fda-certification-because-we-want-to-make-sure-t/6195902623760839/,,,,2026-04-18T00:33:25
Cosmetic Product Notification,philippines,https://verification.fda.gov.ph,,,,"TOP ROAD IMPORT EXPORT OPC, 25 July 2025, 25 July 2026. View, NN-1000011559608 ... REGENT DISTRIBUTOR PHILIPPINES, INC. 06 September 2024, 06 September 2027.",,serp,https://verification.fda.gov.ph/cosmetic_product_notificationlist.php?start=61341,,,,2026-04-18T00:33:35
BFAD Rules on Listing and Sale of Cosmetics,philippines,https://jur.ph,,1776447620-,,Application Requirements for Local and Foreign Cosmetics · Application letter from manufacturer/importer/distributor. · Complete product formulation. · Technical ...,,serp,https://jur.ph/law/summary/regulation-part-d5-cosmetics-listing-specialties,,,,2026-04-18T00:33:35
Jenka Global OPC,philippines,https://bossjob.ph,support@bossjob.ph,,,"... cosmetics, toiletries, health & fitness products, baby products ... EXPERTISE Export/Import Management JENKA GLOBAL helps companies administer all import ...",,serp,https://bossjob.ph/en-us/company/jenka-global-opc,,,,2026-04-18T00:33:35
"Japan Official JUDYDOLL Iron Tint Trip, Chinese Philippines",philippines,https://www.ubuy.com.ph,,,,"The only official distributor of China Cosmetics JUDYDOLL: We have checked the ingredients based on the Japanese pharmaceutical law, and then affixed the ...",,serp,https://www.ubuy.com.ph/productjp/G8KTI4B5Q-japan-official-judydoll-iron-tint-trip-chinese-cosmetics-glossy-lip-water-light-lip-sheer-color-01-orange-pop?srsltid=AfmBOopJ2Du-F3Q9lFyyqUP2dhtr2Z3SwdLt61XS3jdl0z4-Kvc2u8J-,,,,2026-04-18T00:33:35
Kazakhstan Distributor For Cosmetics(990),kazakhstan,https://m.alibaba.com,,,,"Selecting the right cosmetics distributor in Kazakhstan ... Kazakhstan's import duties, customs fees, and shipping rates can significantly affect final costs.",,serp,https://m.alibaba.com/showroom/kazakhstan-distributor-for-cosmetics.html,,,,2026-04-18T00:33:38
KIN WORLDWIDE,kazakhstan,https://www.kincosmetics.com,xlorenzo@kincosmetics.com,,,Are you a cosmetics distributor? We are so confident in the quality of our products that we would like you to put them to the test.,,serp,https://www.kincosmetics.com/en/73/kin-worldwide.html,,,,2026-04-18T00:33:38
"Hello,",kazakhstan,https://www.facebook.com,,,,I am looking for a US-based Cosmetics distributor / US Responsible Person to support our skincare brand under MoCRA regulations on a pay-per-use basis...,,serp,https://www.facebook.com/groups/268776152129754/posts/1167460395594654/,,,,2026-04-18T00:33:38
Companies for distributor,kazakhstan,https://www.ec21.com,kevin@ec21.com,09513437,,"Contact Name: Franklin Hubert. +1-906312-7213. Contact Now. Zion Co. Zion Co. Supplier of Korean Cosmetics Distributor, Korean Cosmetics Wholesaler, K-Beauty ...",,serp,https://www.ec21.com/companies/distributor.html,,,,2026-04-18T00:33:38
Для сотрудничества,kazakhstan,https://beeyoung.kz,info@beeyoung.kz,+77055687878 0,,Станьте оптовым партнёром Beeyoung — официального дистрибьютора косметики брендов с проверенной эффективностью · косметологи и косметологические клиники ...,,serp,https://beeyoung.kz/page/kupit-optom?srsltid=AfmBOopvbNt3UWsrWSjRW-IwTEUX0Wzx0a4WLyOYfsHIGYNCuP96ZyIL,,,,2026-04-18T00:33:44
"ИП Азатбеков — косметика оптом, Тараз",kazakhstan,https://optlist.ru,info@optlist.ru,,,"ИП Азатбеков косметика оптом. Тараз, Казахстан. Дистрибьютор косметики. Объем закупок. Крупный опт; Мелкий опт; Под реализацию. На ОптЛист: с апреля 2026.",,serp,https://optlist.ru/company/ipazatbekov,,,,2026-04-18T00:33:44
Nikamart в Алмате,kazakhstan,https://kz.vspravke.com,,,,"Категория: Дистрибьюторы косметики и парфюмерии. Наши контакты QR Code · Map · Like. Адрес: Алматы, улица Северное Кольцо, 2, ТЦ Адем, сектор А 2, эт. 2, оф.",,serp,https://kz.vspravke.com/almaty/company/6438,,,,2026-04-18T00:33:44
Дистрибьютор косметики: выгодные условия и поставщики,kazakhstan,https://www.accio.com,report@accio.com,,,"Дистрибьютор косметики: выгодные условия и поставщики ; Foshan Nanhai District Pinzhi Selection Trading Firm · 3 лет ; Yiwu Smile Cosmetic Commodity Co., Ltd. · 14 ...",,serp,https://www.accio.com/supplier/ru/%D0%B4%D0%B8%D1%81%D1%82%D1%80%D0%B8%D0%B1%D1%8C%D1%8E%D1%82%D0%BE%D1%80-%D0%BA%D0%BE%D1%81%D0%BC%D0%B5%D1%82%D0%B8%D0%BA%D0%B8,,,,2026-04-18T00:33:44
Unleashia — корейский бренд декоративной косметики ...,kazakhstan,https://www.instagram.com,lorenzoroman@instagram.com,,,"Photo by Оптовый дистрибьютор косметики KZ on January 18, 2026. ... Наша цель — помочь вашему бизнесу расти, обеспечивая стабильные поставки ... Для оптового заказа ...",,serp,https://www.instagram.com/p/DTrkUELjOsY/,,,,2026-04-18T00:33:44
Сибирское здоровье,kazakhstan,https://kostanaj.spravka.kz,,,,"Телефон. +7 (7142) 51-29-... - показать. Сайт, https://ru.siberianhealth.com ... Дистрибьюторы косметики. Сообщить об ошибкеЭто моя организация Оплатить ...",,serp,https://kostanaj.spravka.kz/distribyutory-kosmetiki/sibirskoe-zdorove-575933104,,,,2026-04-18T00:33:44
Wholesaler,kazakhstan,https://jslessentials.com,info@jslessentials.com,,,"If you are a beauty distributor, retailer or salon, please fill in our contact form below and our Business Development Director will be in touch within 48 hours ...",,serp,https://jslessentials.com/wholesaler,,,,2026-04-18T00:33:54
"BeautyEurasia on Instagram: ""BeautyEurasia — Your ...",kazakhstan,https://www.instagram.com,lorenzoroman@instagram.com,,,BESN Group is a Global Luxury Beauty Distributor and Brand Architect. With core competencies in: Cross-border B2B wholesale solutions,,serp,https://www.instagram.com/reel/DVNyE3kDPEJ/,,,,2026-04-18T00:33:54
✨BeautyEurasia: The platform where connections turn into ...,kazakhstan,https://www.instagram.com,lorenzoroman@instagram.com,,,BESN Group is a Global Luxury Beauty Distributor and Brand Architect. ... Email: lucyzhenyan4@gmail.com #Skincare #beauty #fashion #OEM ...,,serp,https://www.instagram.com/p/DXHpoX5lz-_/,,,,2026-04-18T00:33:54
Permission to Post Admin Hello beauty lovers! 💄 ...,kazakhstan,https://www.facebook.com,,,,— Tyrell Spartan Superior Products UK-based Beauty Distributor WhatsApp: +44 7415 341770 · Jackie Chen and 3 others. 4 reactions ·. 5 ...,,serp,https://www.facebook.com/groups/2167267623421605/posts/3537150443099976/,,,,2026-04-18T00:33:54
About Us,kazakhstan,https://virtzu.com,roxanne@virtzu.com,,,"At Virtzu, we're not just Canada's go-to beauty distributor—we're your ultimate beauty BFF! We're here to shake up the beauty world by bringing you brands ...",,serp,https://virtzu.com/pages/about-us-1,,,,2026-04-18T00:33:54
О нашей компании,kazakhstan,https://www.fidelite.kz,,,,В 2007 году наша компания открылась как официальный дистрибьютор израильской косметики. С 2009 года мы наладили партнерство по продвижению брендов Avene ...,,serp,https://www.fidelite.kz/index.php?route=information/information&information_id=4,,,,2026-04-18T00:33:55
Натуральная косметика оптом от производителей и ...,kazakhstan,https://www.optoviki.kz,admin@optoviki.kz,2010 - 2026,,"Дистрибьютор Польской компании Ava Laboratorium более 60 лет на Польском рынке, год основания 1961,органическая и натуральная косметика . Ищем партнеров по ...",,serp,https://www.optoviki.kz/optom-naturalnaya-kosmetika/almaty,,,,2026-04-18T00:33:55
О нас,kazakhstan,https://fidelite.kz,,,,В 2007 году наша компания открылась как официальный дистрибьютор израильской косметики. ... импорте косметической продукции на территорию ТС. Ассортимент ...,,serp,https://fidelite.kz/About,,,,2026-04-18T00:33:55
Оформление сертификатов на косметическую продукцию,kazakhstan,https://kontraktnoeproizvodstvo.kz,,+7 (777) 171 87 77 -,,"В Казахстане сертификация косметической продукции необходима для законного производства, импорта ... Сертифицированная косметика может экспортироваться в страны ...",,serp,https://kontraktnoeproizvodstvo.kz/sertifikatkosmetika,,,,2026-04-18T00:33:55
Топ импортёров и экспортёров Казахстана,kazakhstan,https://bala-kkk.kz,,,,"Импорт медицинского оборудования осуществляют «MedTechnika KZ», «GlobalMedGroup» и локальные представительства международных брендов. В ...",,serp,https://bala-kkk.kz/topimportyory-i-eksportyory-kazahstana-kto-oni-i-chto-postavlyayut/,,,,2026-04-18T00:33:55
2nk group,thailand,https://2nktrading.com,,,,We are a Cosmetics Distributor who takes care of our customers and our brands with sincerity. ... CONTACT US 02-020-0007 | info@2nkgroup.com · Instagram ...,,serp,https://2nktrading.com/,,,,2026-04-22T23:33:03
Tera Chen,thailand,https://cn.linkedin.com,,,,... cosmetics distributor to enlarge our business and archive win-win cooperation. For any further question please do not hesitate to contact with us on: tera ...,,serp,https://cn.linkedin.com/in/tera-chen-b05286128,,,,2026-04-22T23:33:03
ข้อมูล บริษัท เอสเอ็มซี โกลบอล (ไทยแลนด์) จำกัด,thailand,https://www.dataforthai.com,support@dataforthai.com,,,"SMC GLOBAL (THAILAND) CO., LTD. ทะเบียน:0105567147243 เป็นธุรกิจประกอบกิจการซื้อ ขาย นำเข้า ส่งออก ทั้งเป็นผู้ผลิตและผู้จัดจำหน่ายเครื่องสำอาง การ กรุงเทพมหานคร.",,serp,https://www.dataforthai.com/company/0105567147243/,,,,2026-04-22T23:33:05
IN2IT (อินทูอิท) บริษัท เอเซียแปซิฟิค คอสเมติกส์ คอร์ปอเรชั่น ...,thailand,https://www.thaipr.net,pr@thaipr.net,,,บริษัท เอเซียแปซิฟิค คอสเมติกส์ คอร์ปอเรชั่น จำกัด ผู้จัดจำหน่ายเครื่องสำอางแบรนด์ IN2IT (อินทูอิท) ในประเทศไทย ได้ผ่านการตรวจประเมินตาม ...,,serp,https://www.thaipr.net/business/3642456,,,,2026-04-22T23:33:05
ข้อมูล บริษัท โกลบอลสเต็ป อินเตอร์เนชั่นแนล เทรดดิ้ง จำกัด,thailand,https://www.dataforthai.com,support@dataforthai.com,,,"ธุรกิจ, ประกอบกิจการซื้อ ขาย นำเข้า ส่งออก ทั้งเป็นผู้ผลิตและผู้จัดจำหน่ายเครื่องสำอาง อุปกรณ์แต่งหน้า สกินแคร์ และผลิตภัณฑ์ที่เกี่ยวกับการเสริมความงาม การบำรุงผิวหน้า ดูแลผิวพรรณ ทุกประเภท",,serp,https://www.dataforthai.com/company/0105567160827/,,,,2026-04-22T23:33:05
ผู้จัดจำหน่ายเครื่องสำอาง(999+),thailand,https://thai.alibaba.com,,,,ค้นหาผู้ผลิต ผู้จัดจำหน่ายเครื่องสำอาง ผู้จำหน่าย ผู้จัดจำหน่ายเครื่องสำอาง และสินค้า ผู้จัดจำหน่ายเครื่องสำอาง ที่มีคุณภาพด้วยราคาที่ดีที่สุดใน Alibaba.com.,,serp,https://thai.alibaba.com/g/distributors-of-cosmetics.html,,,,2026-04-22T23:33:05
Cosmetics Import | Category,thailand,https://www.yellowpages.co.th,sales@teleinfomedia.co.th,02-262-8888,,Cosmetics-Import. Thai Chemical ... Importer and Distributor All Chemical Industrial Chemicals Import quality chemicals.,,serp,https://www.yellowpages.co.th/en/heading/Cosmetics-Import?page=6,,,,2026-04-22T23:33:12
Thailand FDA Registration | Professional and compliance,thailand,https://wellion.co.th,,,,"Thailand FDA registration service for food supplements, cosmetics, and hazardous products. Fast, compliant import licensing with expert local support.",,serp,https://wellion.co.th/thailand-fda-registration/,,,,2026-04-22T23:33:12
Distributor Resmi Produk Thailand: Solusi Impor Terpercaya,thailand,https://smm.cipher.co.th,,,,... cosmetics and food products to industrial supplies and innovative technologies. ... import ... The most reliable way to confirm if a distributor is official is to ...,,serp,https://smm.cipher.co.th/future-pages/distributor-resmi-produk-thailand-solusi-impor-terpercaya-1767648895,,,,2026-04-22T23:33:12
Daftar Pabrik Kosmetik Indonesia | PDF,indonesia,https://id.scribd.com,,,,Database Email Perusahaan Jakarta. 2 halaman. Database Perusahaan Jawa ... Daftar Supplier dan Distributor Kosmetik. 34 halaman. Daftar Kontak Pabrik di ...,,serp,https://id.scribd.com/document/435732051/Daftar-Kantor-Dan-Pabrik-Kosmetik-Di-Indonesiadaftar-Kantor-Dan-Pabrik-Kosmetik-Di-Indonesia,,,,2026-04-22T23:33:15
Menjanjikan! Ini Cara Menjadi Supplier Kosmetik Tangan ...,indonesia,https://mashmoshem.co.id,info@mashmoshem.co.id,,,Mau Jadi Supplier Kosmetik? Ketahui Cara Mulainya Berikut Ini · Apakah Supplier Kosmetik Itu? · Beda Antara Supplier dan Distributor Kosmetik ...,,serp,https://mashmoshem.co.id/cara-menjadi-supplier-kosmetik/,,,,2026-04-22T23:33:15
Ringkasan PT Ayara | PDF,indonesia,https://id.scribd.com,,,,PT Ayara Trading Indonesia adalah perusahaan importir kosmetik yang dipimpin ... Hubungi Kami. Hukum. Syarat · Privasi · Hak Cipta. Dukungan. Bantuan ...,,serp,https://id.scribd.com/document/884991444/Ringkasan-Pt-Ayara,,,,2026-04-22T23:33:17
KOTAK KOSMETIK KRIM BB CUSHION SUPERIOR QUALITY,indonesia,https://wildes.web.indotrading.com,,80070002,,... Hubungi Kami. Hubungi Via Whatsapp. Deskripsi Produk. KOTAK KOSMETIK KRIM BB CUSHION SUPERIOR QUALITY. kemasan kosmetik/ importir kosmetik. Capacity : 13g. Size ...,,serp,https://wildes.web.indotrading.com/product/kotak-kosmetik-krim-bb-cushion-superior-quality-p850322.aspx,,,,2026-04-22T23:33:17
2,indonesia,https://www.wesleyconnect.com,,,,"... Cosmetics Distributor. 38 Chalanttip Building, 2nd ... Mandom Indonesia Tbk. Beauty & Personal Care ... Import & Distribution of Cosmetics & Haircare Product.",,serp,https://www.wesleyconnect.com/searchresults?search_keywords=&search_res_id=&filter_catogery%5B0%5D=31&action=&save_title=&filter_limit=&filter_sorting=&page=2,,,,2026-04-22T23:33:21
Jual Undername Import Kosmetik Skincare oleh PT. Dayaco Seraya ...,indonesia,https://dsh-logistics.indonetwork.co.id,,- 081361200666,,Undername Import Kosmetik Skincare ; Update Terakhir · 22 / 10 / 2025 ; Harga Mulai Rp. 155.000 ; Sampai dengan. Rp. 200.000.,,serp,https://dsh-logistics.indonetwork.co.id/product/undername-import-kosmetik-skincare-7520298,,,,2026-04-22T23:33:24
Layanan Database Kosmetik Mengandung Bahan ...,indonesia,https://icg.co.id,support@icg.co.id,+62 859-3117-9639,,"Ltd., Distributor: PT. Halimbox Sukses Abadi, Jakarta, KH.00.01.43.2503 ... Import by : PT. ADI PARAMA WARDHANA JAKARTA - INDONESIA, Made in China, B-IN ...",,serp,https://icg.co.id/layanan-database-kosmetik-mengandung-bahan-berbahaya.php,,,,2026-04-22T23:33:24
Companies for import costing,malaysia,https://www.ec21.com,kevin@ec21.com,0608953,,"Zion Co. Supplier of Korean Cosmetics Distributor ... Contact Name: ADEYEMI HAMMED ADEOYE. +234-9022-676604. Contact Now ... Halal poultry, Global food trade ...",,serp,https://www.ec21.com/companies/import-costing.html,,,,2026-04-22T23:33:26
Terms of Use,malaysia,https://www.nexpharma.com.my,support@nexpharma.com.my,,,SKINCARE COSMETICS (NPRA/BPFK). Notification (NOT) Permit for Selling or Import of Skincare Cosmetic Products. Sampling Permit of Skincare Cosmetic Products.,,serp,https://www.nexpharma.com.my/pages/term-of-use,,,,2026-04-22T23:33:32
Tirae Holdings Sdn Bhd Company Overview & Details,malaysia,https://www.maukerja.my,sales@maukerja.my,(1036935,,Tirae Holdings Sdn Bhd is a premier distributor specializing in the import of high-demand American cosmetics for the Asian market. ... Contact Us · Work for ...,,serp,https://www.maukerja.my/en/company/tirae-holdings-sdn-bhd,,,,2026-04-22T23:33:32
Emerging Markets In Americas Region,malaysia,https://www.mpoc.org.my,webmaster@mpoc.org.my,603-7806 4097 603 -,,"In 2019, Mexico's import of palm oil constituted 41% of the total oils and fats imports. Guatemala and Costa Rica were the two major suppliers of palm oil ...",,serp,https://www.mpoc.org.my/emerging-markets-in-americas-region/,,,,2026-04-22T23:33:32
Best Beauty Supply near Yoo Kang in Rancho Cucamonga ...,philippines,https://www.yelp.com,akicklighter@yelp.com,,,"... wholesale beauty distributor based in California, serving salon professionals throughout California and Nevada. Sweis carries over 30 product lines for hair ...",,serp,https://www.yelp.com/search?find_desc=Beauty+Supply&find_near=yoo-kang-rancho-cucamonga,,,,2026-04-22T23:33:36
CPN Solution International,philippines,https://cpnsolutions.ph,,,,Cosmetics Notification (CN); Certificate of Product Registration (CPR); Health supplement authorization; Import permit documentation ... Licensed distributor in ...,,serp,https://cpnsolutions.ph/,,,,2026-04-22T23:33:44
Distributor Wanted Message Board,kazakhstan,https://www.globalbx.com,service@globalbx.com,,,"Distributors Wanted: Looking For High End Cosmetics Distributor, Florida, United States. April 19, Distributors Wanted: Mobile Device Distributors Needed ...",,serp,https://www.globalbx.com/m_distributor-wanted.asp,,,,2026-04-22T23:33:47
Oxana Kadatskaya,kazakhstan,https://kz.linkedin.com,,,,"Almon KZ LLP - Cosmetics distributor from Europe, Russia in Kazakhstan Main responsibilities: 1. Supervising the distribution process from warehouse to ...",,serp,https://kz.linkedin.com/in/oxana-kadatskaya-92b007233,,,,2026-04-22T23:33:47
Be-Hope VEGAN PORE LIFTING MASK 24gx5EA,kazakhstan,https://behopebeauty.com,mwk0505@nate.com,0269567172,,It's an intensive nourishing ampoule that tightens pores and takes care of tight elasticity with just one use / Pore tightening / skin elasticity satisfaction ...,,serp,https://behopebeauty.com/product/be-hope-vegan-pore-lifting-mask-24gx5ea/25/,,,,2026-04-22T23:33:47
Офис Faberlic,kazakhstan,https://ekibastuz.spravka.kz,,,,http://faberlic-kz.ru. Территория предоставления услуг. Экибастуз. Организация размещена в категориях. Дистрибьюторы косметики. ... Производство и поставки.,,serp,https://ekibastuz.spravka.kz/distribyutory-kosmetiki/ofis-faberlic-595421539,,,,2026-04-22T23:33:50
Become A Bounce Curl Wholesale Partner,kazakhstan,https://www.bouncecurl.com,distribution@bouncecurl.com,,,"If you are a beauty distributor, retailer, or salon, we invite you to submit the application on this page! We look forward to partnering!",,serp,https://www.bouncecurl.com/pages/become-a-bounce-curl-wholesale-partner?srsltid=AfmBOorNzqmgNFyVd54x_gRmn1oY73NKWelNjTMdSsDrnsaEyrFwh-yJ,,,,2026-04-22T23:33:53
Become A Skincare Distributor: Insider Tips For Breaking ...,kazakhstan,https://www.amarrie.com,info@amarrie.com,,,"There is nothing like the value of a beauty distributor's business that can result from networking in a competitive, dynamic industry like this ...",,serp,https://www.amarrie.com/fr/blogs/b2b-skincare-insights/become-a-skincare-distributor-insider-tips-for-breaking-into-the-beauty-industry,,,,2026-04-22T23:33:53
Поставщики косметики из разных стран и регионов из,kazakhstan,https://www.optoviki.kz,admin@optoviki.kz,2010 - 2026,,"Группы товаров: Белорусская косметикаКорейская косметика. Поставщики ... Cosmetic Import ИП ПАВЛЕНКО. Поставщик. “Косметик Импорт” Компания ""COSMETIC ...",,serp,https://www.optoviki.kz/optom-kosmetika-iz-raznyx-stran-regionov/kazakhstan/page-2,,,,2026-04-22T23:33:55
"JRL Professional: оригинал, гарантия, сервис.",kazakhstan,http://jrl.com.kz,support@nickol.kz,+7 701 924 9520,,Компания NICKOL является единственным официальным и эксклюзивным дистрибьютором JRL Professional на территории Республики Казахстан и Республики Кыргызстан.,,serp,http://jrl.com.kz/tpost/2rpu83ctx1-jrl-professional-original-garantiya-serv,,,,2026-04-22T23:33:55
